Cust_ID,Email_Clicks,SM_Comments,App_Clicks,SM_Likes,SM_Shares,SM_Clicks,cluster
4,72,1,7,7,1,73,2
5,15,20,1,35,15,16,1
6,9,7,3,73,19,10,1
9,67,0,2,0,1,101,2
10,38,0,1,9,0,56,2
11,66,1,4,7,1,93,2
12,12,7,3,31,14,8,1
15,60,2,5,1,2,57,2
18,5,12,1,38,26,12,1
19,11,12,2,81,14,18,1
20,66,2,5,1,1,65,2
21,13,17,3,29,24,6,1
24,15,14,1,16,7,15,1
25,23,0,78,5,1,2,0
28,8,15,0,31,17,8,1
30,45,0,3,10,0,87,2
31,73,0,0,0,0,77,2
33,26,2,40,5,2,15,0
35,12,19,0,32,15,9,1
36,7,21,1,60,25,8,1
42,38,2,6,6,1,74,2
43,79,1,1,10,1,63,2
44,18,13,0,81,8,9,1
45,73,2,6,7,2,76,2
46,4,24,1,76,17,15,1
48,5,11,2,67,22,5,1
50,2,4,124,3,1,1,0
58,7,13,1,76,22,17,1
59,19,15,1,21,23,19,1
61,59,2,4,2,0,66,2
62,11,24,5,43,25,17,1
63,10,10,3,81,16,19,1
65,17,22,4,88,8,6,1
66,33,0,90,1,2,0,0
67,5,24,0,20,7,6,1
68,5,9,0,50,11,18,1
72,33,1,0,10,1,96,2
73,13,13,0,20,17,11,1
74,3,21,0,35,15,2,1
75,10,14,2,67,21,5,1
77,0,4,49,0,2,8,0
79,84,1,5,3,2,74,2
80,29,1,60,0,1,8,0
81,39,0,0,5,0,67,2
84,0,4,119,7,1,1,0
85,1,2,60,0,0,1,0
86,18,15,0,35,25,10,1
91,3,22,1,29,15,8,1
92,2,1,90,4,1,2,0
94,19,13,4,78,15,1,1
95,35,2,6,8,1,63,2
97,57,2,4,9,1,97,2
98,62,2,4,11,0,101,2
100,18,10,1,31,22,8,1
101,14,20,5,64,21,15,1
102,6,15,4,46,16,0,1
103,4,13,2,62,13,14,1
104,12,15,0,30,7,12,1
105,7,15,1,29,13,15,1
110,79,2,0,4,1,75,2
112,16,1,86,1,0,18,0
114,3,7,0,78,23,7,1
115,45,0,6,11,2,88,2
116,13,2,41,5,0,21,0
117,4,16,1,34,25,18,1
118,29,2,95,2,0,5,0
119,16,1,58,0,1,13,0
123,11,21,4,52,18,10,1
124,0,20,2,45,22,16,1
125,15,1,66,1,1,8,0
127,17,14,4,40,25,5,1
128,2,22,3,38,11,0,1
129,5,14,5,35,21,8,1
131,61,0,6,11,2,97,2
132,47,1,4,11,2,69,2
134,25,1,119,2,0,8,0
137,66,1,5,2,0,60,2
138,31,3,96,1,0,19,0
141,8,21,2,37,12,12,1
142,12,2,44,0,2,8,0
146,51,1,4,1,0,69,2
147,18,14,5,69,24,2,1
148,23,0,82,4,1,15,0
149,14,24,0,42,24,1,1
150,17,10,1,60,19,19,1
152,84,0,7,7,1,80,2
153,7,10,2,87,9,6,1
155,28,4,89,6,1,11,0
156,42,2,3,7,2,53,2
159,33,2,4,6,0,54,2
160,2,8,3,78,9,2,1
161,6,10,3,61,23,11,1
162,32,1,7,2,0,94,2
163,2,14,2,52,25,5,1
164,8,16,3,15,18,13,1
165,30,1,3,5,0,67,2
166,9,4,59,5,1,11,0
167,9,9,5,53,13,19,1
168,86,2,4,6,2,71,2
171,4,18,2,55,12,7,1
173,17,11,0,83,7,11,1
176,38,0,3,5,2,54,2
177,6,7,3,20,13,16,1
178,7,11,3,50,20,3,1
179,13,8,0,37,21,17,1
184,28,1,42,3,2,11,0
185,16,24,0,26,21,5,1
186,16,12,2,52,19,11,1
187,36,3,118,4,1,7,0
188,52,1,6,5,2,71,2
189,16,1,61,5,2,17,0
190,15,12,1,17,22,17,1
192,24,0,1,11,2,81,2
193,31,2,4,1,1,51,2
195,9,24,0,22,15,3,1
197,68,1,5,6,0,71,2
198,22,1,54,5,2,20,0
202,26,2,123,0,1,11,0
203,9,20,0,80,7,9,1
204,23,0,1,2,0,82,2
206,0,8,0,72,10,10,1
207,30,2,122,0,2,4,0
208,20,3,66,3,1,19,0
209,37,2,7,3,2,50,2
210,16,1,66,0,2,18,0
211,39,1,7,1,2,96,2
212,14,3,75,5,0,14,0
213,70,0,2,11,2,88,2
215,7,16,2,15,16,13,1
216,9,14,4,63,22,5,1
217,1,7,1,64,14,11,1
218,75,2,2,6,2,75,2
219,11,2,103,6,0,5,0
220,24,0,2,4,1,99,2
221,12,24,3,78,22,0,1
222,47,1,1,8,0,55,2
224,76,2,1,5,1,71,2
225,11,15,3,29,22,9,1
226,19,1,89,1,0,20,0
228,12,18,3,48,16,15,1
229,15,17,0,88,24,0,1
235,14,20,3,72,9,12,1
236,3,17,1,32,25,16,1
237,14,17,5,68,10,8,1
238,12,0,62,0,2,3,0
239,43,1,0,7,0,71,2
242,6,0,61,7,1,7,0
244,32,0,6,8,2,53,2
245,18,0,126,2,2,8,0
246,16,24,0,67,21,6,1
247,17,12,4,80,24,17,1
248,23,1,7,5,2,80,2
249,15,9,0,28,9,5,1
251,9,11,1,71,24,8,1
252,71,0,0,5,1,88,2
254,36,0,112,3,2,7,0
256,19,20,5,64,17,4,1
257,83,0,4,1,2,81,2
261,20,2,101,0,0,5,0
263,35,1,5,0,0,102,2
264,64,1,6,3,0,72,2
265,18,10,5,47,24,15,1
267,11,3,46,0,2,8,0
269,17,9,2,42,26,10,1
270,13,22,0,78,18,16,1
275,1,22,3,85,18,4,1
276,5,2,109,4,2,17,0
279,10,1,101,6,1,1,0
280,17,23,3,42,15,13,1
283,36,3,122,1,2,4,0
284,80,1,4,7,2,92,2
285,8,14,4,66,21,5,1
288,71,2,4,7,1,94,2
289,48,1,4,9,2,79,2
290,75,2,1,4,2,94,2
294,19,20,1,24,26,1,1
296,17,16,3,15,22,6,1
297,12,19,2,63,20,5,1
298,86,1,0,10,2,68,2
299,82,0,0,5,1,95,2
301,20,4,64,4,0,21,0
303,19,11,1,61,15,6,1
304,4,12,5,17,21,6,1
305,0,16,1,82,13,4,1
307,16,22,1,88,10,6,1
308,0,21,0,29,26,12,1
309,76,0,5,3,0,61,2
310,9,23,5,37,14,19,1
313,9,21,1,20,18,5,1
314,77,2,4,8,1,100,2
315,76,2,7,5,1,99,2
317,23,0,0,0,2,64,2
318,6,22,4,84,7,11,1
319,52,1,1,0,0,64,2
320,33,2,0,11,2,54,2
322,33,4,43,7,1,4,0
326,2,7,1,77,20,14,1
327,19,9,4,20,17,10,1
328,8,2,40,7,1,18,0
332,22,2,75,3,1,6,0
333,4,3,103,0,1,13,0
334,67,1,2,1,2,51,2
335,32,0,75,1,2,13,0
336,18,18,5,72,26,3,1
337,71,1,5,4,0,72,2
339,30,0,3,11,0,68,2
340,12,12,3,60,8,13,1
343,19,4,69,6,0,21,0
344,18,10,1,32,12,6,1
347,16,20,3,83,24,3,1
348,14,24,1,79,20,12,1
349,5,22,1,71,21,5,1
351,6,16,5,82,8,15,1
352,62,1,3,4,2,87,2
353,2,19,0,29,26,18,1
354,16,16,4,29,7,18,1
355,5,12,5,72,13,3,1
357,14,4,108,1,1,9,0
358,85,0,3,11,1,68,2
360,24,3,50,2,0,2,0
362,1,21,5,38,15,14,1
364,53,0,7,2,1,58,2
365,85,2,5,2,0,91,2
366,11,9,5,64,13,1,1
368,6,24,3,64,8,15,1
369,25,4,68,5,2,20,0
370,40,2,4,2,2,72,2
374,60,1,1,6,0,96,2
375,14,13,2,86,22,8,1
378,12,18,4,42,18,17,1
379,72,0,3,9,2,72,2
380,51,1,6,3,1,100,2
381,63,1,7,3,1,68,2
382,47,0,5,0,0,68,2
383,19,16,4,16,25,11,1
384,16,23,1,20,17,15,1
385,19,1,99,7,2,15,0
386,5,22,0,16,11,19,1
387,18,19,1,32,10,11,1
388,17,4,105,3,0,8,0
392,10,13,1,75,21,11,1
393,9,1,63,0,0,7,0
395,10,9,0,70,22,13,1
396,16,13,3,61,19,7,1
397,29,1,77,4,2,9,0
398,34,1,74,4,1,0,0
399,6,22,0,45,16,7,1
403,28,3,39,3,2,1,0
404,10,17,0,54,8,1,1
405,36,0,96,3,2,9,0
406,16,13,3,55,8,9,1
409,55,1,1,1,2,97,2
410,81,0,4,1,1,54,2
411,5,23,1,39,8,2,1
412,9,24,0,30,15,6,1
415,12,3,96,0,0,0,0
417,16,17,5,31,13,9,1
418,12,2,60,1,0,12,0
419,13,23,4,36,26,5,1
420,50,0,7,1,2,72,2
421,9,20,4,24,16,19,1
423,13,7,5,82,16,12,1
425,17,24,1,43,11,8,1
426,47,0,2,2,1,92,2
427,37,2,7,9,2,50,2
428,27,4,118,2,0,17,0
429,76,2,5,4,2,51,2
431,4,20,1,21,7,15,1
433,30,2,4,8,0,72,2
437,42,2,4,6,1,74,2
439,50,2,6,7,0,99,2
440,20,3,45,4,1,8,0
444,85,2,0,5,1,78,2
445,41,0,2,8,1,82,2
446,7,15,1,15,18,1,1
447,19,12,5,80,22,17,1
449,29,4,115,5,2,17,0
451,71,2,5,2,1,95,2
452,15,1,113,5,1,14,0
457,17,0,119,7,2,8,0
462,17,2,77,6,0,0,0
463,36,3,57,0,1,19,0
465,17,7,2,72,26,13,1
466,75,0,5,3,2,74,2
467,16,7,4,19,7,2,1
468,15,22,5,50,24,4,1
469,13,19,1,61,19,11,1
470,0,12,4,21,13,2,1
471,0,21,1,38,18,5,1
472,18,13,1,28,24,11,1
474,84,2,7,8,0,68,2
475,11,19,4,68,21,15,1
476,58,2,0,0,1,66,2
477,45,1,4,8,0,80,2
478,4,15,0,18,26,3,1
483,15,9,0,22,24,9,1
485,4,24,0,80,14,13,1
486,12,10,4,42,20,13,1
487,12,7,0,88,17,4,1
491,51,0,0,7,0,90,2
493,17,19,4,40,15,5,1
494,12,8,2,55,25,10,1
495,51,1,6,10,0,63,2
497,6,19,1,54,17,12,1
498,25,2,4,3,2,67,2
499,22,0,95,7,2,18,0
500,36,1,4,0,2,87,2
501,16,22,2,57,22,18,1
502,15,15,1,79,12,16,1
503,10,14,0,38,18,12,1
506,3,4,59,0,0,0,0
509,17,21,1,64,11,7,1
510,6,8,4,24,22,17,1
511,57,2,4,8,1,93,2
512,0,23,5,88,18,6,1
513,14,7,3,30,7,1,1
514,85,0,0,7,2,95,2
517,74,2,5,10,2,63,2
518,86,2,3,8,0,54,2
520,18,14,2,68,10,15,1
523,32,1,1,6,1,54,2
524,9,0,94,2,1,20,0
525,17,0,114,4,1,14,0
527,61,0,7,1,1,77,2
528,18,3,90,5,1,21,0
530,4,22,4,61,23,0,1
532,7,9,0,37,7,3,1
533,13,24,2,60,16,0,1
535,10,10,5,24,8,18,1
537,15,4,115,5,2,16,0
539,16,10,1,52,25,13,1
540,78,2,2,5,0,84,2
541,9,18,2,82,23,4,1
543,28,4,62,4,1,8,0
546,15,13,1,42,14,17,1
547,65,1,7,2,2,84,2
549,1,1,69,2,2,17,0
550,25,1,5,1,1,63,2
551,5,12,5,54,7,12,1
552,26,1,5,7,0,81,2
553,31,0,111,1,1,16,0
554,15,21,4,48,19,3,1
556,6,11,5,17,26,12,1
558,71,0,6,0,2,96,2
559,3,14,0,67,20,7,1
560,3,22,5,83,13,18,1
561,11,18,0,56,23,13,1
563,19,0,47,4,0,19,0
564,11,7,1,81,22,15,1
565,2,8,4,56,7,15,1
566,14,17,3,75,12,1,1
568,17,23,2,42,21,17,1
569,11,2,48,0,1,1,0
571,19,20,4,81,7,7,1
573,12,11,2,73,16,4,1
574,29,4,44,4,1,9,0
575,13,20,0,43,9,12,1
576,25,1,81,1,2,10,0
577,36,1,4,4,1,52,2
578,12,1,83,7,0,9,0
579,9,20,1,42,8,15,1
580,69,0,7,2,0,63,2
582,4,3,68,0,2,1,0
583,6,23,5,74,7,10,1
584,5,7,5,79,25,19,1
585,11,13,1,64,26,15,1
586,35,3,75,7,1,16,0
589,1,21,1,88,22,5,1
590,34,4,61,5,1,6,0
591,35,3,127,5,0,17,0
593,9,19,2,56,11,3,1
594,5,4,124,3,0,0,0
595,14,1,52,6,1,2,0
596,21,2,56,5,1,12,0
597,43,2,6,8,0,64,2
598,34,0,6,0,1,75,2
599,51,0,6,4,2,57,2
601,25,2,5,2,1,53,2
602,28,1,1,5,2,56,2
603,27,3,61,4,1,15,0
605,36,0,70,6,0,3,0
606,83,1,5,4,0,96,2
607,5,2,47,3,2,16,0
608,82,1,5,8,0,91,2
610,16,21,4,84,23,12,1
611,24,2,65,3,2,20,0
613,81,2,2,8,0,73,2
614,80,1,3,0,0,62,2
615,10,13,5,30,12,17,1
616,7,16,5,27,26,14,1
617,43,2,1,7,0,102,2
618,8,20,1,38,19,15,1
620,14,3,82,7,2,3,0
621,15,4,46,3,1,10,0
626,1,18,3,32,20,3,1
627,6,23,2,43,22,9,1
628,80,1,1,7,2,70,2
629,35,1,1,11,0,90,2
630,15,13,1,80,17,2,1
631,7,10,2,78,10,5,1
632,15,10,3,20,26,18,1
633,14,23,5,61,10,3,1
637,1,7,2,72,10,0,1
640,10,18,3,70,13,13,1
641,15,3,48,6,0,17,0
642,22,2,78,7,1,13,0
643,14,12,1,78,17,9,1
644,5,2,73,7,0,19,0
646,48,2,4,5,2,81,2
647,79,0,1,6,0,77,2
648,1,24,4,85,8,15,1
649,50,1,2,3,2,78,2
653,66,0,4,2,1,81,2
654,32,0,124,5,0,3,0
655,27,1,3,8,2,54,2
658,65,1,3,7,1,64,2
661,23,0,2,8,2,74,2
662,32,1,55,3,1,6,0
664,6,21,3,59,13,14,1
665,5,17,1,32,11,7,1
667,8,15,4,62,18,5,1
668,8,20,5,82,13,8,1
669,9,22,3,41,19,0,1
670,9,20,2,43,15,6,1
671,38,2,4,11,2,53,2
673,7,20,1,66,22,18,1
680,67,0,0,3,0,96,2
681,61,1,0,11,2,95,2
682,4,2,53,1,1,0,0
684,18,15,4,66,13,3,1
685,19,3,123,3,2,13,0
689,14,19,1,67,15,14,1
691,6,21,0,57,22,8,1
692,12,21,5,75,9,4,1
693,6,21,1,35,18,14,1
694,69,2,2,5,1,85,2
696,7,9,4,18,13,3,1
697,15,14,3,73,11,2,1
698,16,22,1,87,24,1,1
700,8,10,2,22,10,8,1
701,24,1,3,7,0,76,2
704,49,0,4,3,1,77,2
706,22,2,122,6,0,2,0
707,6,7,4,82,25,6,1
709,2,0,114,0,0,19,0
711,17,20,1,83,13,17,1
712,8,24,5,56,7,17,1
714,77,0,2,1,1,76,2
716,8,15,4,46,7,6,1
717,7,16,3,60,16,0,1
718,37,2,5,5,1,70,2
720,7,8,1,59,24,0,1
721,4,8,3,80,22,13,1
722,41,1,7,8,2,56,2
723,84,0,0,1,2,85,2
724,35,0,3,8,1,88,2
726,52,0,6,11,1,88,2
727,3,2,98,1,1,6,0
729,66,1,3,11,0,89,2
730,39,0,1,0,1,88,2
732,9,12,5,84,8,10,1
733,6,23,2,78,19,14,1
734,0,11,1,32,7,14,1
735,57,2,0,3,2,96,2
736,16,20,2,46,19,16,1
738,43,2,6,5,0,85,2
741,10,13,5,60,24,13,1
742,22,4,71,1,0,19,0
743,84,0,2,8,0,99,2
745,3,23,2,81,25,12,1
746,48,0,0,0,2,86,2
748,60,0,6,8,1,56,2
749,19,10,5,80,25,2,1
755,10,20,2,17,12,11,1
756,11,8,1,24,17,14,1
758,23,1,7,10,2,90,2
759,3,8,4,26,18,4,1
761,20,0,63,7,0,4,0
765,26,0,0,8,0,94,2
766,4,21,0,39,17,15,1
767,84,0,6,0,2,77,2
768,22,3,119,2,2,12,0
769,57,0,6,8,1,72,2
770,30,0,1,5,1,75,2
771,10,18,1,50,19,5,1
773,11,20,4,40,25,17,1
774,77,0,3,9,2,87,2
775,84,0,4,7,1,83,2
776,7,11,5,18,23,1,1
777,18,2,76,0,2,4,0
780,15,0,112,5,0,17,0
783,0,14,1,33,22,16,1
784,35,1,44,3,1,9,0
785,29,2,2,7,0,58,2
787,14,10,5,86,15,1,1
789,8,11,2,76,14,16,1
790,24,2,7,2,2,100,2
791,7,19,2,33,24,18,1
792,18,13,0,42,10,16,1
793,82,1,0,10,2,97,2
795,16,21,3,15,19,5,1
797,33,3,48,2,2,16,0
798,14,9,3,76,11,10,1
799,53,0,1,0,0,84,2
800,14,11,4,39,11,3,1
803,23,1,0,5,0,90,2
804,71,2,2,7,1,86,2
805,21,1,75,3,0,10,0
806,12,23,5,87,14,10,1
807,15,13,3,48,15,19,1
808,77,0,3,11,1,58,2
809,11,10,4,38,16,12,1
812,8,1,78,2,0,18,0
813,2,8,2,25,21,14,1
814,13,16,0,67,19,14,1
815,44,0,4,2,0,57,2
816,16,23,3,71,12,2,1
820,35,1,6,3,1,79,2
822,78,0,3,5,1,79,2
823,45,0,3,2,2,86,2
824,49,2,0,11,2,63,2
825,16,18,1,21,19,15,1
827,12,24,0,70,13,16,1
828,0,14,2,62,18,5,1
830,14,14,1,67,12,6,1
831,24,0,96,5,0,14,0
832,4,3,116,4,1,7,0
833,29,1,70,7,2,9,0
834,12,10,0,27,10,2,1
835,19,0,127,0,1,18,0
838,15,1,95,5,1,10,0
841,16,3,103,4,0,4,0
842,35,4,112,5,0,16,0
843,32,1,107,7,0,15,0
846,9,12,2,32,16,16,1
847,85,1,6,6,0,92,2
849,80,1,5,10,0,81,2
852,8,3,59,5,2,2,0
853,28,3,60,5,0,7,0
854,7,24,0,78,9,11,1
856,20,0,48,6,1,1,0
857,5,20,2,53,7,17,1
858,2,20,0,54,18,1,1
859,5,20,5,19,16,17,1
860,6,13,4,88,9,15,1
861,11,8,2,18,26,13,1
866,5,19,1,47,15,9,1
872,62,1,6,2,1,62,2
875,4,18,2,85,21,1,1
876,13,13,1,26,17,7,1
878,4,22,4,54,14,14,1
879,25,2,4,3,0,87,2
882,63,1,1,0,2,68,2
883,13,21,3,85,22,1,1
884,26,1,5,4,1,69,2
885,12,15,0,81,20,2,1
887,18,22,0,72,22,7,1
888,6,10,0,16,10,8,1
889,21,4,47,7,0,10,0
890,67,0,2,1,1,90,2
891,4,14,3,51,8,18,1
893,31,2,1,7,1,81,2
895,15,18,1,87,8,0,1
896,14,8,4,27,11,15,1
897,30,2,60,4,2,19,0
900,26,0,41,2,1,11,0
901,4,21,4,58,19,3,1
902,84,1,6,0,1,51,2
903,13,16,1,51,18,17,1
904,19,7,3,74,11,3,1
905,49,2,1,1,0,60,2
909,13,14,2,15,24,0,1
910,7,11,5,34,14,13,1
912,1,20,2,64,13,4,1
913,40,0,4,10,0,61,2
914,15,9,5,35,25,6,1
916,7,8,2,59,16,7,1
917,2,16,4,84,20,6,1
918,75,0,7,8,2,50,2
919,46,1,6,5,2,86,2
920,18,1,45,6,0,3,0
921,11,10,4,88,15,5,1
923,55,2,0,5,1,80,2
925,61,2,0,11,1,99,2
926,9,22,5,21,24,9,1
927,30,4,38,4,2,6,0
928,48,1,5,11,1,84,2
929,18,16,4,29,12,18,1
934,8,12,0,65,19,0,1
935,75,2,3,10,0,64,2
937,18,23,2,21,19,17,1
938,8,24,4,37,9,7,1
939,35,1,51,6,2,7,0
941,27,1,6,2,0,77,2
944,24,1,64,4,1,10,0
945,13,12,0,47,18,16,1
946,11,13,4,65,21,4,1
948,6,15,5,17,24,7,1
949,16,20,1,17,15,6,1
952,36,2,58,2,2,4,0
956,4,20,4,15,17,15,1
957,4,14,3,57,17,14,1
958,18,17,0,66,25,19,1
959,15,14,5,70,19,12,1
960,16,16,4,62,24,9,1
961,34,0,1,2,2,80,2
963,14,21,3,54,22,3,1
964,17,24,4,49,25,13,1
965,5,18,1,31,14,8,1
966,35,3,109,0,0,10,0
967,30,0,67,0,1,21,0
968,8,13,2,41,19,9,1
969,11,2,54,2,0,21,0
970,71,2,7,11,0,72,2
971,1,23,4,80,18,3,1
972,11,22,4,76,10,12,1
973,78,0,0,2,1,77,2
974,11,11,4,70,21,10,1
976,75,1,5,3,0,51,2
977,10,1,81,7,0,7,0
978,77,2,6,1,2,93,2
981,37,0,7,5,1,72,2
983,12,23,2,55,21,9,1
984,31,1,7,0,0,54,2
987,12,23,3,50,25,9,1
988,1,8,5,46,24,14,1
989,52,1,6,4,0,102,2
990,10,1,98,2,0,10,0
992,12,16,5,21,19,5,1
993,29,1,1,6,2,68,2
994,76,0,3,10,0,66,2
995,50,2,7,10,1,78,2
996,17,7,0,59,19,15,1
997,13,21,2,56,9,0,1
999,12,20,4,58,22,2,1
1000,2,9,2,16,7,5,1
1001,77,2,5,11,1,61,2
1002,64,0,3,1,2,55,2
1003,36,0,88,5,2,2,0
1004,32,0,3,5,1,50,2
1006,7,20,4,59,22,8,1
1008,15,17,1,87,23,2,1
1009,13,13,4,20,10,0,1
1010,17,10,4,66,16,1,1
1011,11,24,5,80,9,10,1
1012,5,2,86,4,0,15,0
1013,6,11,2,58,26,5,1
1014,19,16,5,79,10,10,1
1016,11,22,3,39,12,10,1
1017,7,0,64,6,0,3,0
1018,13,18,1,76,8,10,1
1019,14,16,0,36,19,7,1
1022,14,11,0,77,20,2,1
1024,84,2,5,8,2,75,2
1025,33,3,105,6,0,17,0
1027,78,1,0,11,2,57,2
1028,19,21,1,76,12,16,1
1030,17,10,2,33,26,5,1
1032,6,11,2,55,14,0,1
1033,24,0,5,3,0,66,2
1034,9,18,4,87,22,18,1
1035,86,0,5,10,0,76,2
1036,58,0,7,1,1,73,2
1037,27,4,79,5,1,0,0
1039,17,14,2,46,14,14,1
1040,5,16,4,52,20,11,1
1041,5,22,2,19,7,14,1
1043,8,0,71,2,1,2,0
1044,82,0,3,0,2,102,2
1045,15,15,1,70,18,14,1
1046,0,8,3,37,17,3,1
1049,1,22,4,56,24,6,1
1051,2,21,0,31,11,10,1
1054,6,4,84,5,0,17,0
1055,81,0,3,11,1,93,2
1057,47,1,4,6,2,50,2
1059,15,8,3,53,19,13,1
1062,4,21,0,22,21,18,1
1063,5,8,5,31,9,17,1
1064,10,4,56,1,2,3,0
1065,32,1,1,2,2,81,2
1066,61,2,4,3,0,82,2
1067,25,0,100,5,1,21,0
1068,7,21,3,35,22,9,1
1069,22,4,92,6,2,1,0
1071,18,2,45,0,0,8,0
1073,45,2,7,9,1,72,2
1074,25,4,98,1,0,6,0
1077,16,22,1,88,19,12,1
1078,1,22,5,74,22,12,1
1079,17,14,1,32,18,5,1
1082,0,15,2,41,19,8,1
1083,0,3,63,3,1,13,0
1084,9,4,47,1,2,18,0
1085,16,4,71,2,0,6,0
1086,18,24,3,42,17,2,1
1087,54,1,0,7,1,96,2
1088,64,2,4,10,1,72,2
1089,18,22,4,17,21,0,1
1090,15,7,1,59,21,14,1
1091,42,1,2,6,0,81,2
1093,9,12,2,46,8,11,1
1094,10,1,72,1,0,3,0
1097,17,8,5,63,12,3,1
1102,80,1,5,8,2,80,2
1103,18,1,89,2,1,13,0
1106,25,1,57,1,0,3,0
1107,4,22,2,49,12,2,1
1108,73,0,6,5,0,59,2
1109,58,0,7,6,1,94,2
1110,15,17,0,64,23,2,1
1112,71,2,7,8,1,52,2
1113,50,1,0,3,1,57,2
1114,0,0,45,4,2,2,0
1115,27,2,2,4,1,89,2
1116,2,8,2,23,23,12,1
1117,0,17,4,53,26,11,1
1119,69,2,4,2,1,91,2
1120,11,24,4,57,16,11,1
1121,83,1,6,7,2,55,2
1122,16,9,1,18,10,18,1
1123,40,1,5,10,1,70,2
1125,40,2,4,2,2,83,2
1126,68,0,3,6,1,94,2
1127,28,2,6,9,1,95,2
1129,10,13,0,51,20,13,1
1130,0,13,0,27,17,12,1
1131,4,20,0,56,9,4,1
1134,0,21,5,65,17,6,1
1135,80,2,0,11,0,76,2
1137,25,1,7,5,0,61,2
1138,86,2,1,8,1,65,2
1139,21,2,89,2,2,15,0
1140,55,2,4,10,0,60,2
1144,2,15,0,60,24,0,1
1147,1,8,4,56,9,10,1
1148,31,2,124,1,0,6,0
1152,25,0,64,7,1,2,0
1154,12,22,5,60,22,2,1
1155,27,0,44,6,0,14,0
1156,7,21,2,62,9,2,1
1161,82,1,2,5,2,63,2
1164,23,1,1,6,0,73,2
1166,6,2,82,0,2,15,0
1167,0,14,1,86,16,12,1
1168,47,0,2,5,0,94,2
1169,3,8,1,78,22,9,1
1170,2,20,0,79,23,2,1
1171,7,17,4,71,12,18,1
1172,26,0,4,3,1,71,2
1173,18,2,48,6,2,8,0
1174,4,17,2,17,14,15,1
1178,9,16,2,32,14,17,1
1179,38,2,0,2,0,85,2
1182,24,4,67,0,0,15,0
1183,19,7,5,61,19,19,1
1185,9,18,2,50,12,1,1
1186,56,0,6,3,0,54,2
1187,9,18,3,72,24,12,1
1188,3,19,0,87,7,7,1
1189,31,1,5,5,1,75,2
1193,65,2,0,6,2,65,2
1195,21,0,114,2,1,14,0
1196,17,22,3,20,15,19,1
1199,19,9,3,83,15,7,1
1200,6,24,3,82,10,2,1
1201,75,0,4,6,2,73,2
1203,16,8,1,82,9,8,1
1204,77,2,1,5,0,98,2
1206,16,14,3,73,20,14,1
1207,17,21,5,53,23,14,1
1208,0,10,0,62,22,9,1
1211,36,0,47,5,0,9,0
1212,15,15,5,67,26,16,1
1213,58,0,7,1,1,55,2
1216,3,11,2,52,22,1,1
1219,13,16,4,54,7,19,1
1224,12,10,4,78,24,2,1
1225,9,16,4,44,8,1,1
1226,16,24,0,33,25,6,1
1227,7,17,0,32,7,15,1
1229,35,3,58,6,1,0,0
1232,5,3,103,6,0,6,0
1233,12,7,5,59,7,16,1
1234,25,1,92,2,2,12,0
1237,5,10,3,17,13,1,1
1238,14,11,4,78,7,13,1
1240,11,23,0,32,11,17,1
1242,7,20,2,50,11,16,1
1243,15,3,69,0,1,10,0
1244,54,1,4,4,1,87,2
1247,9,12,4,36,24,0,1
1250,79,1,1,11,0,51,2
1251,15,21,5,31,24,12,1
1252,4,10,0,20,7,4,1
1254,72,1,7,7,2,75,2
1255,6,12,2,32,8,3,1
1256,13,15,4,58,8,18,1
1259,0,24,5,29,20,11,1
1260,28,4,73,4,2,15,0
1262,5,8,0,21,10,1,1
1263,34,0,119,1,1,18,0
1265,18,15,3,48,17,1,1
1266,75,2,4,5,2,76,2
1268,78,0,7,1,0,74,2
1270,8,8,0,45,21,8,1
1271,71,2,1,10,0,70,2
1273,1,19,2,47,11,3,1
1275,5,14,3,24,22,0,1
1276,0,8,5,85,7,6,1
1277,47,2,7,9,1,84,2
1279,18,18,2,86,17,8,1
1280,34,1,2,8,2,95,2
1283,23,0,80,1,0,2,0
1284,22,2,125,3,2,19,0
1285,4,9,4,87,24,4,1
1286,6,21,1,87,9,2,1
1289,8,19,3,31,9,12,1
1290,28,1,0,0,2,65,2
1292,46,1,0,8,2,70,2
1293,19,22,3,66,7,19,1
1294,6,20,2,80,10,5,1
1295,43,2,5,7,2,68,2
1296,72,1,5,4,0,101,2
1298,19,8,4,66,21,13,1
1300,15,0,59,1,1,20,0
1302,29,0,65,3,2,10,0
1303,28,4,74,1,2,12,0
1304,17,12,5,66,19,2,1
1308,31,2,5,8,1,83,2
1309,61,0,7,7,2,98,2
1310,6,13,0,41,14,2,1
1313,70,1,2,1,2,97,2
1314,9,3,65,2,0,21,0
1315,19,20,4,47,15,17,1
1316,13,12,1,66,14,17,1
1317,52,1,2,3,2,72,2
1318,72,2,3,3,1,94,2
1319,9,21,4,74,17,3,1
1321,61,2,3,8,2,100,2
1325,17,2,37,4,2,5,0
1330,14,9,5,44,12,9,1
1331,12,24,3,64,12,17,1
1333,19,20,4,34,24,3,1
1334,11,19,4,19,25,17,1
1335,16,4,85,7,2,12,0
1337,9,24,5,65,7,8,1
1340,82,1,0,4,2,83,2
1341,5,24,5,73,21,0,1
1342,12,13,1,88,22,19,1
1344,6,7,4,75,15,16,1
1351,5,1,91,2,1,21,0
1352,82,0,0,3,2,91,2
1353,13,22,1,57,9,9,1
1355,46,2,3,0,1,59,2
1356,1,18,1,64,19,17,1
1358,15,19,0,54,13,13,1
1362,63,0,1,5,2,93,2
1364,58,2,6,1,0,57,2
1365,28,0,3,3,1,53,2
1366,70,0,0,10,0,52,2
1369,14,3,109,6,2,0,0
1370,72,1,2,6,1,101,2
1371,34,3,61,2,2,0,0
1373,82,2,3,6,1,60,2
1375,12,4,59,6,1,17,0
1376,9,21,0,44,16,19,1
1377,16,13,2,26,12,10,1
1379,5,7,2,49,9,1,1
1380,15,24,1,86,19,7,1
1384,10,1,111,1,1,4,0
1385,20,4,113,1,0,9,0
1386,33,1,0,3,1,65,2
1388,30,1,5,11,2,79,2
1390,8,17,4,48,25,3,1
1392,10,1,56,3,0,9,0
1394,50,1,4,7,1,54,2
1395,7,4,58,5,1,18,0
1396,10,12,5,39,10,18,1
1397,8,10,4,45,23,15,1
1398,12,3,114,7,2,3,0
1399,72,0,2,7,2,91,2
1400,18,1,96,4,2,7,0
1402,11,18,2,55,22,13,1
1404,73,2,3,11,0,96,2
1405,80,2,3,5,2,55,2
1407,0,16,3,70,7,2,1
1409,73,1,6,9,2,94,2
1410,14,15,5,36,9,2,1
1411,61,2,3,7,2,54,2
1412,14,21,4,34,7,17,1
1413,18,22,5,38,16,14,1
1414,11,21,4,22,8,12,1
1416,41,0,6,3,2,52,2
1417,17,0,48,6,0,20,0
1420,26,0,3,4,0,100,2
1421,84,2,6,3,2,67,2
1422,33,3,89,4,0,18,0
1424,45,1,0,5,1,77,2
1426,8,15,4,37,12,12,1
1428,3,9,2,30,14,10,1
1429,23,2,5,8,2,66,2
1430,52,1,5,2,2,70,2
1432,17,3,53,1,1,21,0
1433,17,9,3,65,10,12,1
1434,83,0,0,7,1,71,2
1435,45,1,7,4,2,51,2
1436,23,0,45,4,0,21,0
1440,2,7,2,81,15,17,1
1441,11,17,0,56,20,13,1
1445,29,0,4,1,1,54,2
1446,84,2,4,6,2,62,2
1447,3,7,4,62,26,1,1
1448,14,4,39,1,2,0,0
1449,44,0,7,9,0,77,2
1450,11,15,5,54,22,8,1
1451,24,1,2,6,2,96,2
1453,8,11,1,88,14,5,1
1454,16,21,1,35,16,8,1
1455,10,13,4,63,21,5,1
1456,11,10,3,47,14,19,1
1457,2,9,5,62,16,2,1
1458,86,0,5,2,1,66,2
1459,67,2,4,0,2,87,2
1461,69,1,5,7,0,70,2
1462,39,0,5,9,0,88,2
1463,8,2,96,7,2,13,0
1464,35,0,98,0,1,15,0
1469,52,0,2,11,2,86,2
1471,15,8,4,36,15,1,1
1472,20,0,81,3,0,19,0
1473,30,2,120,2,1,12,0
1475,17,4,87,6,0,18,0
1476,46,2,1,1,0,84,2
1478,2,0,61,1,1,10,0
1479,5,2,97,1,0,0,0
1480,38,2,1,2,0,95,2
1482,18,12,3,47,11,9,1
1483,0,14,2,66,20,5,1
1486,14,17,1,39,12,2,1
1488,67,1,4,10,0,53,2
1489,67,0,6,0,0,91,2
1490,40,0,4,5,1,59,2
1491,60,0,5,9,2,99,2
1493,6,11,3,40,18,2,1
1495,13,15,4,61,19,15,1
1497,2,11,1,64,9,2,1
1499,30,1,48,4,1,19,0
1500,54,0,4,7,2,65,2
1501,3,3,110,3,2,18,0
1502,46,2,2,3,0,99,2
1503,9,15,5,33,12,8,1
1504,30,1,4,10,0,81,2
1506,16,20,2,50,14,3,1
1509,22,0,78,6,1,0,0
1511,9,24,4,53,11,4,1
1512,0,19,4,70,10,10,1
1515,67,2,1,2,0,53,2
1516,15,21,3,51,9,11,1
1518,13,3,124,6,1,1,0
1519,14,4,40,4,2,15,0
1520,9,14,3,86,14,3,1
1522,3,12,0,78,20,2,1
1523,18,7,4,46,11,16,1
1527,17,22,1,31,13,10,1
1530,14,20,3,23,21,15,1
1532,34,4,111,4,0,1,0
1533,42,2,6,3,2,53,2
1538,64,1,3,5,1,91,2
1542,28,0,1,11,1,98,2
1544,81,2,6,11,2,54,2
1545,3,15,1,87,7,2,1
1548,13,8,1,88,11,5,1
1549,4,19,1,70,25,4,1
1552,8,23,2,32,17,3,1
1553,23,3,54,6,2,6,0
1554,34,4,93,7,1,16,0
1555,33,0,127,2,1,11,0
1556,80,1,4,6,2,91,2
1561,15,10,0,37,10,5,1
1563,4,21,1,74,15,11,1
1564,13,3,43,4,0,8,0
1565,34,0,1,7,0,62,2
1566,2,10,4,30,19,5,1
1567,67,1,6,2,1,98,2
1568,1,11,4,63,20,9,1
1569,35,1,5,1,1,83,2
1571,1,10,2,67,7,8,1
1572,26,1,5,8,1,63,2
1573,36,2,64,6,1,19,0
1574,76,1,4,5,1,94,2
1576,43,0,2,6,2,53,2
1577,45,0,6,6,0,77,2
1578,29,0,121,0,0,15,0
1579,18,12,2,56,14,7,1
1580,11,12,5,87,22,1,1
1581,27,0,4,10,2,97,2
1582,34,0,6,8,2,96,2
1583,4,4,41,4,2,18,0
1584,5,13,2,49,21,10,1
1586,8,24,4,28,24,6,1
1587,9,15,5,31,15,10,1
1588,6,4,56,5,1,13,0
1589,58,1,1,0,1,61,2
1591,48,0,3,9,1,92,2
1592,1,17,2,88,13,10,1
1595,63,0,6,9,0,51,2
1599,51,0,7,4,2,78,2
1600,27,0,4,8,0,101,2
1603,16,24,2,80,10,2,1
1607,25,2,123,4,1,15,0
1611,2,11,1,61,10,15,1
1612,15,21,1,88,26,1,1
1613,7,23,3,67,26,8,1
1615,21,0,91,5,0,12,0
1616,13,17,3,40,23,4,1
1617,79,2,3,7,2,85,2
1619,33,1,94,5,2,2,0
1620,45,1,0,8,1,57,2
1621,24,3,62,2,2,13,0
1623,14,23,3,45,26,19,1
1625,0,22,1,17,17,15,1
1626,12,12,2,43,13,18,1
1628,6,1,105,7,0,12,0
1629,17,14,1,28,9,18,1
1630,7,17,1,28,16,18,1
1633,41,1,3,2,2,71,2
1635,48,2,3,11,0,86,2
1636,1,22,0,81,13,14,1
1637,35,1,126,0,2,12,0
1638,72,1,7,4,1,67,2
1640,3,14,2,48,9,17,1
1642,51,1,7,1,2,96,2
1643,56,1,1,0,0,63,2
1644,63,0,2,2,0,87,2
1650,1,21,2,69,15,4,1
1651,19,15,3,59,19,8,1
1653,0,10,5,59,17,9,1
1655,13,21,0,85,16,11,1
1658,18,0,84,7,2,18,0
1659,14,11,3,87,10,3,1
1660,13,7,1,63,23,6,1
1661,32,2,4,7,2,73,2
1665,34,2,5,0,0,60,2
1667,14,16,2,32,10,3,1
1668,0,18,5,31,26,3,1
1670,11,7,4,17,21,19,1
1671,0,15,4,54,11,9,1
1672,61,2,5,0,2,73,2
1673,17,4,48,6,1,3,0
1674,2,11,4,45,21,10,1
1676,10,13,4,40,22,13,1
1677,10,12,4,29,9,13,1
1680,62,0,7,3,0,68,2
1681,9,24,2,66,10,7,1
1683,16,12,4,30,19,15,1
1685,18,15,0,83,23,11,1
1691,4,15,5,54,9,7,1
1692,86,2,5,7,2,50,2
1693,28,2,43,2,0,8,0
1697,24,0,95,4,1,3,0
1698,10,24,2,48,8,3,1
1699,15,11,3,49,9,11,1
1701,3,16,4,39,12,7,1
1707,18,10,4,78,23,3,1
1708,84,0,0,2,2,59,2
1710,6,24,4,83,7,14,1
1711,1,9,5,24,15,17,1
1712,4,19,4,55,11,5,1
1714,6,21,0,56,20,6,1
1715,15,3,120,0,2,14,0
1717,28,2,5,9,2,88,2
1719,73,2,7,10,2,68,2
1722,15,16,5,25,19,5,1
1723,77,2,5,7,2,60,2
1725,1,24,4,60,17,11,1
1726,8,1,64,5,1,4,0
1727,39,1,2,8,1,87,2
1728,0,12,4,31,14,2,1
1729,16,8,4,21,15,12,1
1732,18,18,5,47,23,17,1
1733,59,1,4,10,0,86,2
1736,17,16,4,72,20,17,1
1738,69,1,5,11,1,59,2
1739,10,13,0,24,11,10,1
1740,15,23,4,42,20,17,1
1741,15,13,0,18,15,8,1
1742,6,1,106,3,2,3,0
1745,16,10,1,56,14,3,1
1746,17,20,4,18,8,0,1
1747,46,0,6,0,1,93,2
1748,35,2,0,8,0,58,2
1750,12,22,1,52,26,7,1
1753,1,17,0,16,19,19,1
1754,5,23,0,57,21,13,1
1756,84,2,2,7,1,79,2
1758,0,19,1,76,21,8,1
1762,10,1,94,0,1,5,0
1765,27,0,0,0,0,95,2
1766,7,17,3,17,20,13,1
1767,79,2,1,3,1,96,2
1769,30,2,5,6,2,100,2
1770,11,20,5,42,17,9,1
1772,28,2,94,3,2,12,0
1774,73,2,0,0,0,71,2
1775,6,11,5,52,18,10,1
1777,37,0,0,4,2,56,2
1778,17,2,61,2,1,13,0
1780,80,2,7,8,1,67,2
1781,12,22,5,24,21,4,1
1783,4,10,2,38,13,11,1
1785,18,19,5,67,22,17,1
1788,17,24,0,53,17,16,1
1791,31,1,7,7,2,80,2
1793,52,2,4,4,2,91,2
1796,11,10,1,20,13,19,1
1797,7,9,5,45,18,9,1
1798,35,0,6,9,2,61,2
1799,58,2,3,4,1,96,2
1800,2,13,3,67,21,1,1
1801,7,14,0,45,20,6,1
1804,15,8,4,26,14,13,1
1805,5,10,2,52,20,10,1
1807,84,0,5,10,0,80,2
1809,9,19,5,44,23,7,1
1810,55,1,4,8,1,61,2
1811,55,0,0,10,2,67,2
1812,24,0,57,3,0,15,0
1813,76,2,5,1,0,62,2
1815,15,10,2,38,14,2,1
1817,12,24,0,27,24,11,1
1818,25,4,106,1,0,12,0
1820,3,17,1,26,26,17,1
1822,22,2,45,0,0,0,0
1823,15,9,2,80,19,14,1
1824,25,1,120,2,1,15,0
1825,25,2,0,10,0,55,2
1827,25,3,54,7,0,2,0
1831,14,9,4,21,24,18,1
1833,4,9,5,52,23,14,1
1837,7,11,5,25,15,7,1
1838,50,2,7,3,1,97,2
1839,53,0,5,1,0,101,2
1840,23,1,2,8,0,63,2
1841,23,3,70,4,0,5,0
1842,7,20,4,33,23,8,1
1843,25,1,100,4,1,7,0
1846,55,2,3,11,1,101,2
1848,6,9,0,85,14,4,1
1849,0,1,70,1,1,10,0
1850,2,15,4,21,26,8,1
1851,0,21,2,36,15,13,1
1852,71,0,7,10,1,89,2
1853,7,8,4,48,16,15,1
1854,85,1,4,4,2,74,2
1859,52,1,5,10,2,99,2
1860,6,7,1,20,18,2,1
1863,1,11,3,52,11,18,1
1865,4,13,3,29,23,9,1
1866,16,15,4,46,16,13,1
1867,7,10,4,28,22,18,1
1868,73,0,2,6,2,61,2
1872,17,15,4,26,18,1,1
1877,81,1,0,0,2,67,2
1878,12,22,5,55,16,16,1
1879,27,4,75,4,1,7,0
1880,11,14,3,63,13,16,1
1881,11,0,98,0,2,18,0
1882,5,1,51,4,0,8,0
1883,5,24,4,34,20,6,1
1884,5,8,0,72,7,9,1
1886,15,2,67,7,1,5,0
1887,33,2,3,0,2,90,2
1889,5,0,74,0,1,4,0
1890,79,1,5,9,0,52,2
1892,75,2,6,7,2,101,2
1893,44,2,7,6,0,83,2
1895,56,1,6,9,2,50,2
1896,74,2,1,11,0,55,2
1898,66,0,1,10,1,97,2
1903,19,24,4,45,14,14,1
1905,3,20,1,51,7,13,1
1906,13,0,37,4,2,8,0
1907,83,2,5,2,1,76,2
1909,70,2,5,9,0,51,2
1912,3,20,1,71,21,2,1
1913,5,15,0,33,16,8,1
1914,3,18,4,34,13,19,1
1915,29,0,4,1,0,54,2
1916,8,12,3,74,22,16,1
1917,50,0,4,1,1,54,2
1918,85,1,6,4,1,95,2
1920,17,16,2,52,20,3,1
1927,76,0,5,4,1,86,2
1929,17,4,108,1,2,18,0
1930,17,9,5,24,8,15,1
1933,17,10,2,66,14,0,1
1938,14,15,3,35,18,13,1
1940,19,18,2,65,10,8,1
1941,0,1,51,4,1,16,0
1945,45,1,1,3,2,88,2
1949,15,21,0,19,7,8,1
1952,11,22,2,17,24,5,1
1953,13,21,1,35,19,12,1
1954,27,1,1,7,2,56,2
1955,15,14,4,57,15,0,1
1956,78,1,4,0,0,52,2
1957,37,0,5,10,1,102,2
1959,0,23,2,23,14,7,1
1961,14,15,2,23,7,5,1
1962,6,7,3,23,12,0,1
1963,57,1,3,4,0,60,2
1964,19,8,3,49,10,16,1
1967,23,4,41,3,0,12,0
1969,6,19,5,64,20,8,1
1970,1,20,2,27,21,4,1
1971,23,0,47,6,1,8,0
1972,14,14,5,29,12,7,1
1974,58,1,0,4,2,60,2
1975,32,0,89,1,1,13,0
1980,39,1,3,3,1,63,2
1981,7,0,50,1,2,1,0
1982,4,18,0,43,17,8,1
1983,15,24,2,59,12,9,1
1984,86,0,3,5,1,80,2
1986,48,1,1,8,2,91,2
1988,27,1,5,1,1,55,2
1989,19,10,3,49,25,13,1
1991,13,23,3,77,15,17,1
1993,16,23,1,42,16,9,1
1995,0,11,4,62,22,0,1
1998,16,10,4,34,14,0,1
1999,82,2,1,11,2,73,2
2001,16,3,115,4,1,18,0
2003,0,9,5,31,21,6,1
2005,15,23,0,35,25,14,1
2007,9,23,0,61,11,1,1
2008,46,1,5,1,0,70,2
2012,16,8,0,58,22,16,1
2013,54,0,5,11,2,93,2
2014,44,2,0,11,2,73,2
2015,22,1,73,0,1,7,0
2017,34,0,113,2,1,2,0
2018,61,1,7,11,2,81,2
2019,63,1,7,5,1,95,2
2022,82,2,6,0,0,99,2
2024,3,0,77,7,0,2,0
2025,1,2,82,1,0,5,0
2026,31,1,47,0,1,3,0
2028,14,14,0,86,11,16,1
2029,18,24,5,16,23,11,1
2030,27,2,3,9,0,50,2
2032,19,8,1,25,10,12,1
2034,24,3,102,4,2,20,0
2035,46,1,6,10,0,99,2
2036,70,0,0,10,0,79,2
2039,4,8,3,23,18,16,1
2042,13,9,0,24,22,10,1
2044,20,2,55,5,2,8,0
2045,18,8,4,67,21,17,1
2047,19,8,5,50,20,4,1
2048,6,24,4,33,18,7,1
2049,72,0,5,3,2,71,2
2051,24,3,46,2,0,0,0
2053,10,17,0,30,12,9,1
2055,7,19,0,86,21,8,1
2057,1,14,2,21,18,11,1
2058,10,15,2,40,19,9,1
2059,18,21,5,48,18,0,1
2060,71,0,7,5,1,55,2
2061,31,4,90,1,1,7,0
2063,20,3,93,7,1,4,0
2064,38,2,7,7,1,55,2
2066,12,14,5,58,21,15,1
2068,3,23,3,32,13,18,1
2069,22,3,100,5,2,20,0
2070,31,1,4,2,2,55,2
2073,54,0,1,8,1,56,2
2075,31,2,107,4,0,11,0
2077,11,18,0,45,9,19,1
2078,60,2,7,7,2,92,2
2079,78,0,7,10,1,75,2
2081,33,2,6,11,2,92,2
2082,25,1,49,2,1,9,0
2083,9,2,117,0,2,4,0
2084,0,8,5,43,19,7,1
2085,70,0,4,3,1,75,2
2086,16,1,124,6,2,16,0
2087,4,21,5,75,16,0,1
2088,35,3,91,3,0,16,0
2089,10,12,4,32,23,8,1
2091,25,1,51,0,2,8,0
2092,83,1,5,2,1,51,2
2093,11,9,3,24,20,15,1
2095,68,0,3,3,2,83,2
2096,1,1,122,7,1,14,0
2097,2,10,1,62,21,8,1
2098,18,10,4,23,25,3,1
2099,6,19,1,83,18,12,1
2100,35,3,61,0,1,7,0
2101,30,0,4,11,1,76,2
2102,38,1,1,10,2,74,2
2106,10,21,4,30,18,17,1
2107,12,13,3,75,9,18,1
2109,76,2,2,5,0,102,2
2111,20,0,126,4,1,6,0
2112,1,10,5,41,13,10,1
2114,83,1,1,0,1,96,2
2115,41,0,3,6,0,89,2
2118,13,13,5,59,21,13,1
2119,59,0,2,8,0,68,2
2120,61,0,3,1,2,96,2
2121,44,1,4,0,0,58,2
2123,9,9,1,17,16,1,1
2124,6,16,0,88,25,3,1
2125,41,0,5,4,0,98,2
2126,46,2,1,4,1,52,2
2128,0,8,4,32,13,2,1
2131,83,0,7,6,0,69,2
2132,69,0,3,9,1,99,2
2133,9,19,1,64,13,16,1
2134,6,16,5,60,7,17,1
2135,3,13,4,73,16,19,1
2136,11,21,3,86,10,4,1
2137,15,22,5,18,25,12,1
2139,43,1,0,2,1,55,2
2142,17,9,4,23,9,16,1
2143,81,1,6,3,2,94,2
2144,49,0,3,1,0,52,2
2147,4,22,0,29,13,10,1
2148,55,0,7,4,0,60,2
2149,21,2,63,4,0,6,0
2150,31,2,3,0,2,81,2
2151,17,19,5,71,22,7,1
2152,4,7,3,23,20,15,1
2153,67,1,5,3,0,91,2
2154,13,0,59,7,0,12,0
2155,33,0,83,3,0,15,0
2156,45,0,3,5,2,60,2
2158,15,4,122,1,2,18,0
2160,11,15,4,17,22,9,1
2162,5,21,0,41,23,11,1
2164,14,11,5,21,16,3,1
2166,17,18,3,39,26,17,1
2167,18,2,123,4,0,21,0
2168,57,0,2,3,1,60,2
2173,8,2,106,3,1,6,0
2175,7,19,1,33,23,16,1
2176,24,1,6,9,2,89,2
2177,16,22,2,82,7,18,1
2179,40,2,1,9,1,53,2
2180,7,23,3,44,11,16,1
2182,56,0,4,10,0,96,2
2183,35,1,6,11,0,89,2
2186,0,12,0,86,15,16,1
2187,12,20,4,51,25,6,1
2188,6,21,0,22,14,10,1
2189,13,9,2,87,19,3,1
2195,12,19,3,52,20,18,1
2196,74,0,2,5,1,52,2
2197,84,2,4,5,2,98,2
2198,15,15,5,45,19,3,1
2204,38,0,0,7,0,78,2
2208,5,9,0,69,19,0,1
2211,85,2,0,5,2,53,2
2214,18,23,3,78,16,6,1
2215,9,12,3,51,16,7,1
2217,84,2,0,6,0,89,2
2220,23,2,7,0,0,89,2
2226,16,9,2,56,20,8,1
2229,1,15,0,66,16,13,1
2230,1,15,4,28,23,1,1
2231,44,1,3,1,2,61,2
2232,2,17,0,38,23,16,1
2236,57,2,0,5,2,72,2
2237,1,13,0,22,20,14,1
2238,6,2,76,2,1,6,0
2242,20,2,50,4,0,18,0
2243,26,1,3,2,0,77,2
2244,2,21,0,66,17,11,1
2246,51,1,6,5,1,58,2
2247,81,2,0,0,0,68,2
2249,60,2,1,4,0,53,2
2252,5,1,99,3,1,1,0
2253,17,22,2,57,14,12,1
2254,8,3,37,6,2,17,0
2256,15,18,5,47,16,11,1
2258,14,23,5,66,23,16,1
2259,12,20,0,66,20,14,1
2263,32,4,118,0,2,6,0
2264,12,17,2,29,20,16,1
2265,1,10,5,79,22,16,1
2269,17,1,124,3,0,12,0
2271,59,2,6,7,2,72,2
2273,15,0,55,5,0,21,0
2274,15,19,4,64,17,3,1
2276,16,8,4,86,25,9,1
2277,48,1,5,0,0,102,2
2279,32,0,1,6,2,74,2
2280,2,2,76,4,0,15,0
2281,2,22,0,35,23,10,1
2282,0,11,5,65,12,17,1
2283,62,2,0,0,1,95,2
2284,18,9,3,75,23,19,1
2285,37,2,6,5,1,66,2
2286,7,16,0,80,25,19,1
2287,17,15,4,39,16,15,1
2288,49,1,4,11,2,76,2
2290,5,12,3,43,17,0,1
2291,5,14,1,47,19,4,1
2295,22,4,75,4,1,9,0
2297,7,21,5,21,15,16,1
2298,2,9,1,52,12,14,1
2299,44,0,2,10,1,73,2
2300,16,24,0,21,9,19,1
2304,27,0,2,3,2,51,2
2305,16,16,3,79,7,3,1
2306,30,1,118,1,2,16,0
2308,28,1,7,8,2,93,2
2310,14,1,83,3,2,20,0
2311,16,16,0,33,17,19,1
2312,17,1,78,6,2,1,0
2313,16,13,3,42,10,3,1
2314,20,2,59,3,2,8,0
2316,41,2,2,7,1,53,2
2317,11,18,1,62,9,9,1
2318,44,2,6,11,0,82,2
2319,13,0,46,2,2,21,0
2320,3,20,0,27,7,14,1
2321,19,13,4,60,7,4,1
2322,18,12,1,68,10,3,1
2323,84,2,6,8,1,57,2
2325,13,2,42,6,1,4,0
2327,27,2,0,9,2,101,2
2328,17,14,4,71,15,14,1
2330,84,2,1,1,2,65,2
2331,8,20,3,66,16,3,1
2332,6,13,4,37,14,17,1
2333,25,0,3,11,2,78,2
2334,12,15,0,57,11,3,1
2335,14,17,4,81,24,4,1
2337,8,24,4,40,11,6,1
2340,5,13,4,26,9,3,1
2342,12,23,5,81,17,17,1
2343,70,0,5,6,0,61,2
2347,2,22,1,58,11,8,1
2348,15,20,1,19,20,4,1
2350,29,2,125,5,0,21,0
2351,36,2,103,0,0,12,0
2353,15,13,2,84,22,18,1
2354,28,2,1,6,1,88,2
2355,82,0,7,4,1,61,2
2356,14,24,5,82,20,1,1
2357,27,2,38,6,1,20,0
2358,12,10,4,61,16,4,1
2361,15,20,2,30,21,17,1
2362,15,22,2,82,14,9,1
2363,18,18,5,86,11,15,1
2364,33,4,80,3,2,20,0
2367,43,1,1,10,1,101,2
2368,18,18,0,45,20,4,1
2369,15,20,3,74,8,11,1
2370,1,24,4,68,12,19,1
2371,57,2,7,1,0,61,2
2373,10,11,1,41,25,6,1
2374,38,2,3,6,1,65,2
2376,1,19,0,55,12,3,1
2377,63,2,1,7,2,96,2
2382,71,2,1,3,0,94,2
2383,17,10,0,28,22,17,1
2384,6,14,2,59,13,12,1
2386,10,11,1,61,24,15,1
2389,19,8,4,34,14,14,1
2390,75,1,1,0,0,82,2
2391,11,23,1,85,10,6,1
2394,0,17,3,37,17,7,1
2396,10,15,0,48,14,7,1
2398,15,4,74,4,2,16,0
2399,3,3,55,1,1,9,0
2400,76,1,5,2,2,93,2
2401,29,0,4,8,1,70,2
2403,28,1,2,4,2,72,2
2404,1,11,4,22,10,14,1
2405,19,3,110,4,2,4,0
2406,11,8,1,72,21,0,1
2411,72,0,7,1,0,69,2
2413,26,2,67,6,0,17,0
2415,20,3,90,0,0,15,0
2416,54,0,1,10,2,84,2
2417,23,1,59,4,2,11,0
2419,15,20,5,79,18,16,1
2420,6,22,4,31,17,5,1
2422,8,3,49,7,1,9,0
2423,18,9,5,38,12,15,1
2424,35,0,4,4,1,93,2
2426,5,1,121,6,0,14,0
2427,35,1,7,2,0,64,2
2430,5,20,4,44,21,12,1
2431,39,0,7,7,1,69,2
2432,11,0,47,7,2,16,0
2433,7,1,63,4,2,21,0
2436,9,14,2,73,14,16,1
2438,8,19,0,15,20,11,1
2439,3,23,3,62,20,10,1
2440,10,16,4,64,13,15,1
2441,33,1,117,3,0,2,0
2443,22,4,114,4,2,12,0
2445,3,18,1,86,25,14,1
2448,46,0,6,5,0,69,2
2450,15,8,1,23,7,10,1
2451,9,7,3,45,10,18,1
2453,9,12,0,87,19,1,1
2454,6,4,51,6,0,19,0
2455,11,12,2,48,7,5,1
2456,48,1,6,8,2,97,2
2457,35,1,92,0,2,18,0
2458,12,14,1,65,12,18,1
2460,65,2,6,4,0,66,2
2461,5,10,0,76,18,8,1
2464,24,4,110,0,0,17,0
2465,76,2,3,7,2,102,2
2468,22,2,68,5,1,3,0
2471,71,1,1,9,2,70,2
2473,80,1,0,0,2,85,2
2474,24,0,6,4,1,52,2
2475,13,11,5,20,16,17,1
2476,74,0,3,11,1,65,2
2477,17,13,3,79,16,17,1
2479,84,2,4,2,0,65,2
2481,32,3,66,0,0,0,0
2482,9,0,51,3,0,4,0
2484,80,1,6,9,2,50,2
2485,57,1,4,1,2,79,2
2486,47,0,0,3,1,74,2
2487,28,2,127,6,1,5,0
2488,30,2,0,11,1,98,2
2491,19,19,0,48,18,11,1
2492,17,3,44,5,1,12,0
2493,19,15,4,42,7,5,1
2496,2,10,0,29,7,1,1
2497,18,24,5,29,9,19,1
2498,11,24,1,22,20,8,1
2499,67,1,4,3,2,97,2
2501,8,10,0,21,10,10,1
2502,17,16,2,64,24,8,1
2503,4,23,1,61,15,5,1
2504,14,12,1,34,11,10,1
2505,36,2,4,11,0,96,2
2506,18,19,2,33,15,19,1
2510,5,21,0,52,24,9,1
2511,2,1,57,0,1,4,0
2514,18,23,1,64,18,18,1
2516,38,1,5,2,0,67,2
2517,70,2,1,9,1,62,2
2519,5,4,91,6,2,17,0
2524,17,3,108,2,2,8,0
2525,18,0,63,0,0,21,0
2526,18,18,4,41,24,4,1
2530,13,20,0,76,16,11,1
2531,1,3,122,1,0,16,0
2532,17,22,0,48,13,9,1
2536,14,9,1,80,17,9,1
2537,33,0,3,8,2,79,2
2538,33,2,7,11,1,91,2
2539,44,0,2,2,2,76,2
2540,33,2,58,6,0,0,0
2542,8,9,1,71,8,4,1
2544,25,3,88,7,2,15,0
2545,13,15,4,15,12,14,1
2546,0,22,3,79,21,11,1
2547,15,2,116,7,0,4,0
2548,8,10,2,76,23,17,1
2549,2,22,0,66,10,14,1
2550,12,7,0,68,15,7,1
2554,4,1,44,7,2,6,0
2556,30,1,3,11,0,101,2
2558,16,17,4,55,10,12,1
2559,35,4,75,6,2,16,0
2562,6,14,2,65,12,1,1
2564,0,23,0,52,20,5,1
2569,63,1,4,6,2,101,2
2570,25,1,1,0,2,83,2
2571,6,14,3,41,7,0,1
2572,11,24,4,54,19,5,1
2573,30,3,125,0,0,13,0
2576,56,0,7,2,1,77,2
2577,3,22,3,42,17,5,1
2579,67,2,3,5,1,100,2
2580,0,18,0,29,8,15,1
2583,0,2,70,6,1,19,0
2585,20,3,89,5,1,12,0
2589,75,2,1,4,1,91,2
2590,13,19,2,50,16,0,1
2591,53,2,3,9,2,101,2
2592,82,0,7,1,2,52,2
2593,8,19,1,65,19,3,1
2594,8,18,0,68,12,4,1
2595,77,2,6,11,1,92,2
2596,3,18,5,18,25,5,1
2598,35,1,67,0,1,16,0
2601,31,2,0,8,1,58,2
2602,80,1,4,5,0,85,2
2604,47,2,7,1,0,74,2
2605,6,0,98,1,1,1,0
2606,40,2,2,3,0,64,2
2607,12,22,1,21,8,3,1
2611,8,21,0,52,24,0,1
2612,26,2,4,11,2,102,2
2613,44,0,3,3,1,57,2
2614,59,2,3,11,1,61,2
2615,42,0,7,9,2,90,2
2616,5,22,3,75,11,1,1
2617,55,2,0,11,2,70,2
2619,13,18,4,19,25,13,1
2628,3,8,0,60,21,1,1
2629,15,20,0,43,14,18,1
2631,12,8,5,80,10,14,1
2632,10,9,3,31,13,19,1
2633,25,4,65,2,1,11,0
2636,28,4,53,1,1,7,0
2638,3,9,1,35,15,12,1
2639,29,2,113,7,2,7,0
2641,4,18,0,80,24,6,1
2642,50,2,1,10,2,96,2
2644,75,0,1,11,0,76,2
2645,15,7,3,29,11,0,1
2646,72,1,4,0,0,53,2
2647,55,2,3,7,2,57,2
2648,19,0,120,1,0,15,0
2649,0,1,48,5,1,12,0
2650,10,17,2,22,17,10,1
2652,78,1,7,10,0,98,2
2653,19,21,1,26,25,11,1
2658,4,24,1,29,23,0,1
2659,26,0,2,3,2,55,2
2661,12,3,71,1,0,11,0
2663,34,2,6,2,0,89,2
2664,56,0,1,9,1,51,2
2667,10,21,3,71,16,5,1
2668,61,1,4,0,2,62,2
2671,6,16,2,82,17,13,1
2672,3,19,1,46,10,6,1
2673,36,2,6,10,1,69,2
2674,11,19,3,71,8,15,1
2675,28,2,121,1,0,19,0
2676,71,2,6,5,1,76,2
2677,14,2,75,1,1,5,0
2678,8,13,5,21,23,18,1
2680,18,10,1,30,14,5,1
2681,32,0,2,7,2,91,2
2682,17,22,1,66,16,14,1
2683,4,10,3,34,26,19,1
2685,64,0,7,7,1,72,2
2686,57,0,2,1,0,64,2
2687,3,19,4,54,22,16,1
2688,12,2,105,5,0,2,0
2689,52,1,0,3,1,95,2
2690,61,2,7,2,0,53,2
2691,2,23,4,62,25,16,1
2692,4,11,5,72,24,11,1
2693,12,16,3,79,13,11,1
2694,7,24,5,62,8,5,1
2695,34,0,3,11,1,58,2
2696,17,19,3,22,8,10,1
2697,17,12,4,84,25,16,1
2699,17,4,69,5,2,17,0
2700,0,23,3,80,22,16,1
2701,16,11,3,68,18,15,1
2702,9,3,46,4,1,16,0
2703,0,23,1,35,12,8,1
2704,2,4,90,1,2,11,0
2705,12,20,0,63,20,4,1
2706,43,0,3,0,2,74,2
2707,81,0,2,0,1,56,2
2708,12,3,84,3,2,8,0
2710,73,1,3,3,1,84,2
2711,8,19,0,76,19,4,1
2713,79,0,1,8,1,56,2
2715,48,2,2,5,2,64,2
2717,4,23,3,45,17,19,1
2718,84,1,3,6,0,60,2
2719,19,20,1,29,21,11,1
2720,14,13,2,16,7,8,1
2722,4,3,125,1,0,13,0
2723,15,22,3,47,7,10,1
2724,24,4,98,5,1,5,0
2725,36,1,84,4,0,4,0
2727,34,4,114,4,1,3,0
2728,7,9,0,82,20,3,1
2730,9,0,87,5,0,19,0
2731,67,1,3,8,1,55,2
2732,25,1,6,5,0,85,2
2735,26,2,6,2,0,88,2
2736,10,17,0,61,8,4,1
2737,6,11,1,76,16,6,1
2738,8,13,5,45,14,3,1
2739,2,9,1,33,24,17,1
2740,69,1,2,6,2,61,2
2742,1,1,69,4,0,14,0
2743,48,1,6,2,0,96,2
2746,8,22,1,88,12,5,1
2749,2,2,88,0,1,14,0
2750,66,2,4,11,2,74,2
2752,15,12,0,65,26,18,1
2753,4,14,2,88,24,11,1
2754,4,20,5,83,25,9,1
2755,46,1,0,1,2,65,2
2756,48,2,7,11,0,98,2
2758,14,16,3,88,19,1,1
2759,23,2,7,8,2,66,2
2760,80,1,0,6,2,65,2
2761,33,1,42,2,1,8,0
2762,17,2,127,2,2,2,0
2763,19,15,1,66,11,6,1
2764,6,4,59,4,1,17,0
2765,10,12,2,44,11,5,1
2767,74,2,5,1,0,57,2
2769,64,2,5,1,1,60,2
2773,45,1,0,9,0,71,2
2774,81,2,1,7,2,63,2
2775,0,14,5,18,25,19,1
2776,69,2,1,7,2,56,2
2779,43,2,2,6,1,91,2
2780,13,4,109,3,2,8,0
2782,35,1,0,3,2,52,2
2783,13,19,5,79,13,7,1
2785,2,1,86,0,1,1,0
2786,30,2,2,10,2,92,2
2787,18,18,2,41,21,14,1
2789,0,20,0,48,17,16,1
2790,59,0,3,11,1,75,2
2791,9,19,2,45,21,5,1
2792,16,3,113,3,0,16,0
2794,8,16,1,42,17,15,1
2796,5,11,2,60,10,3,1
2798,0,1,68,3,2,11,0
2801,0,11,5,42,22,19,1
2802,79,1,1,7,2,54,2
2803,84,0,5,1,2,66,2
2806,19,14,5,42,23,2,1
2807,14,4,61,7,1,4,0
2808,23,1,7,6,0,85,2
2811,59,1,2,0,1,69,2
2813,4,23,0,51,14,14,1
2814,14,11,0,67,9,4,1
2815,60,2,4,9,2,92,2
2816,11,21,2,78,14,2,1
2818,20,3,108,6,2,2,0
2820,37,2,3,5,2,97,2
2821,19,11,3,77,12,7,1
2822,9,7,0,86,16,17,1
2823,47,2,0,3,0,86,2
2824,14,23,2,70,25,1,1
2825,13,10,1,81,20,5,1
2826,8,23,2,16,19,5,1
2827,12,15,4,70,11,4,1
2828,2,4,108,3,2,4,0
2829,2,21,5,20,7,13,1
2831,18,22,1,29,24,8,1
2832,33,2,6,10,0,89,2
2833,31,1,3,8,0,98,2
2834,12,13,5,53,20,6,1
2835,3,12,1,48,16,1,1
2837,17,2,102,3,0,17,0
2840,8,15,3,27,22,1,1
2845,15,11,3,43,17,15,1
2846,2,15,0,77,15,4,1
2847,19,7,5,65,8,0,1
2848,0,18,5,81,15,13,1
2849,2,24,5,41,23,5,1
2850,11,22,1,35,25,1,1
2851,19,21,3,15,15,0,1
2852,11,15,0,46,20,0,1
2853,11,0,106,0,2,18,0
2855,17,15,0,16,8,15,1
2857,34,3,110,7,1,7,0
2858,74,2,4,11,2,84,2
2859,68,1,3,7,0,51,2
2861,33,0,5,2,1,96,2
2862,13,8,0,50,19,3,1
2864,15,10,1,29,21,14,1
2865,19,0,90,1,2,14,0
2867,8,22,5,68,14,1,1
2868,12,11,1,34,10,15,1
2870,47,1,1,4,0,54,2
2873,5,11,3,59,11,19,1
2874,50,1,3,4,0,64,2
2875,31,2,1,6,2,88,2
2877,65,2,3,3,2,61,2
2881,16,0,105,7,0,9,0
2882,73,0,0,1,1,68,2
2883,73,1,3,7,0,79,2
2885,36,3,85,5,2,7,0
2886,11,14,4,67,21,3,1
2889,15,20,1,30,10,4,1
2891,9,19,3,79,21,19,1
2892,32,3,59,5,2,17,0
2893,55,2,5,2,1,67,2
2895,3,0,86,7,2,15,0
2896,1,16,3,87,13,17,1
2897,31,2,86,0,1,12,0
2898,0,2,97,6,1,4,0
2899,13,10,5,27,11,14,1
2901,3,8,5,29,19,17,1
2903,3,0,124,2,2,20,0
2904,58,1,1,5,1,90,2
2906,12,17,2,66,14,5,1
2907,16,0,66,0,1,7,0
2908,11,10,0,56,25,14,1
2909,18,13,4,76,23,9,1
2910,17,13,5,37,17,9,1
2911,18,12,2,78,26,8,1
2913,15,20,1,40,24,7,1
2916,6,11,2,27,17,13,1
2919,3,24,1,68,13,2,1
2923,13,10,1,19,26,16,1
2926,86,1,2,5,1,79,2
2928,6,16,2,63,25,11,1
2929,79,1,0,2,0,93,2
2930,10,0,38,3,0,8,0
2931,54,1,2,6,1,96,2
2932,59,0,7,1,1,61,2
2933,7,10,0,41,11,18,1
2939,82,2,1,3,1,59,2
2942,12,7,4,19,19,16,1
2943,11,0,109,0,0,11,0
2946,54,0,2,11,1,57,2
2948,44,2,1,11,2,81,2
2949,4,20,0,43,19,4,1
2950,51,1,0,8,2,70,2
2951,82,0,3,2,2,92,2
2952,2,1,57,3,1,15,0
2953,17,7,5,82,15,13,1
2954,3,19,5,18,8,19,1
2955,15,3,58,1,0,18,0
2957,3,12,3,68,21,17,1
2958,5,21,3,62,25,15,1
2959,21,4,67,1,0,14,0
2960,12,17,2,76,14,12,1
2962,35,3,64,7,2,16,0
2963,8,3,116,3,0,11,0
2964,6,14,5,44,24,13,1
2965,2,23,4,60,20,17,1
2967,73,2,6,4,2,66,2
2968,77,1,4,10,0,99,2
2970,7,1,113,1,0,2,0
2971,9,10,2,60,8,1,1
2973,12,19,5,75,20,10,1
2975,15,14,5,33,16,17,1
2977,18,14,4,68,8,6,1
2978,7,19,4,60,9,17,1
2979,4,11,2,57,13,19,1
2980,16,3,114,4,2,16,0
2981,11,8,4,45,16,17,1
2982,29,1,82,0,1,0,0
2983,37,1,7,10,1,63,2
2984,5,23,4,48,15,2,1
2985,62,2,2,7,1,65,2
2986,7,21,3,52,17,11,1
2988,11,0,77,4,1,17,0
2990,40,0,6,11,1,63,2
2992,6,10,2,17,24,10,1
2995,4,22,2,79,12,5,1
2997,4,21,0,60,18,16,1
2998,10,22,4,28,15,3,1
3000,19,7,5,31,13,19,1
3001,31,3,74,7,0,4,0
3002,1,0,126,3,0,20,0
3005,3,9,4,19,7,11,1
3006,32,1,2,3,2,80,2
3007,2,0,77,0,1,18,0
3009,19,23,1,51,9,19,1
3010,8,8,1,37,17,15,1
3011,14,20,0,75,22,3,1
3012,11,13,0,39,13,3,1
3014,18,23,4,76,17,10,1
3015,14,10,2,36,19,6,1
3016,16,7,0,40,7,17,1
3018,1,23,0,22,17,12,1
3019,61,0,5,11,2,73,2
3021,51,0,2,5,0,91,2
3022,13,23,0,18,22,0,1
3023,75,1,5,9,2,77,2
3024,3,24,2,71,9,12,1
3025,50,0,7,9,0,50,2
3028,6,19,1,31,18,2,1
3029,25,0,69,1,2,12,0
3030,22,0,69,7,1,15,0
3031,48,0,4,0,0,59,2
3032,73,0,7,10,0,63,2
3033,8,19,2,68,16,1,1
3036,6,18,2,83,21,2,1
3037,7,14,3,65,8,8,1
3038,11,10,0,81,21,9,1
3039,51,2,7,4,0,66,2
3040,76,2,0,8,1,72,2
3041,12,20,1,15,12,15,1
3042,1,23,1,81,15,6,1
3043,22,1,65,2,2,0,0
3044,78,0,3,0,0,55,2
3045,2,12,0,39,23,4,1
3050,29,2,43,3,2,6,0
3051,32,0,4,4,1,81,2
3053,13,16,0,63,26,4,1
3056,82,0,6,11,2,98,2
3057,14,22,2,33,25,15,1
3059,0,17,1,87,23,14,1
3060,7,24,2,63,13,7,1
3061,74,0,1,8,1,63,2
3063,1,22,2,54,25,1,1
3066,80,1,6,0,1,89,2
3068,4,20,4,46,25,11,1
3069,42,0,2,7,1,92,2
3070,2,13,2,67,12,18,1
3071,13,17,5,45,7,2,1
3074,39,1,3,4,2,53,2
3075,49,0,7,6,2,53,2
3076,49,2,1,11,0,87,2
3077,36,0,5,7,2,68,2
3080,9,12,5,41,7,18,1
3083,18,10,3,26,20,6,1
3085,18,19,4,86,25,3,1
3087,56,2,6,3,2,72,2
3089,7,12,5,36,18,9,1
3091,16,2,105,7,2,1,0
3094,46,0,1,4,1,78,2
3096,86,0,5,0,0,85,2
3097,7,2,56,4,0,11,0
3098,59,1,4,1,1,65,2
3099,11,24,2,57,16,1,1
3100,0,7,0,31,8,3,1
3104,17,14,4,28,9,4,1
3105,31,1,123,2,2,10,0
3107,58,0,6,7,0,64,2
3108,14,16,5,40,21,8,1
3110,78,0,2,4,2,65,2
3112,1,21,0,67,22,18,1
3113,75,2,4,1,2,69,2
3114,47,2,2,2,1,81,2
3115,84,2,4,3,2,95,2
3117,59,2,1,0,1,93,2
3120,49,0,4,5,1,81,2
3122,20,4,43,7,1,19,0
3124,25,2,7,5,2,81,2
3125,19,21,4,58,20,14,1
3126,25,0,3,6,0,83,2
3127,12,21,1,59,12,19,1
3128,19,20,4,62,13,0,1
3129,3,0,107,3,2,1,0
3130,63,1,2,7,1,94,2
3133,15,0,114,3,0,19,0
3134,15,2,57,1,0,3,0
3137,83,2,0,11,0,83,2
3138,1,8,5,68,23,11,1
3139,8,22,5,58,21,5,1
3141,57,1,7,11,1,82,2
3142,6,4,55,6,1,2,0
3144,11,14,4,67,11,15,1
3145,11,8,4,81,20,8,1
3147,15,24,3,72,22,18,1
3148,13,12,0,35,12,11,1
3151,7,22,5,73,12,12,1
3152,27,1,105,2,1,15,0
3153,57,0,3,6,1,69,2
3154,37,0,5,8,0,78,2
3157,7,1,49,2,0,12,0
3159,7,17,1,80,21,4,1
3160,31,0,50,2,2,15,0
3163,1,13,0,81,23,6,1
3164,61,1,4,0,2,64,2
3165,8,21,1,57,12,17,1
3167,85,2,0,4,1,71,2
3168,18,18,5,48,13,17,1
3169,18,7,0,84,8,5,1
3170,3,20,3,48,26,16,1
3171,19,18,4,18,23,11,1
3175,62,1,7,10,0,92,2
3176,13,15,1,50,13,11,1
3177,13,2,89,4,0,17,0
3179,64,1,3,11,1,89,2
3180,30,2,4,11,1,79,2
3181,53,0,5,6,2,83,2
3182,9,12,5,81,15,11,1
3183,9,21,0,44,23,3,1
3187,2,17,4,44,16,14,1
3189,29,0,5,7,1,71,2
3190,0,18,4,54,9,0,1
3191,17,18,1,45,9,12,1
3192,8,17,5,58,19,3,1
3193,14,4,45,1,2,15,0
3194,23,0,41,1,1,14,0
3195,10,13,4,62,23,9,1
3197,12,3,69,2,1,9,0
3198,14,8,2,69,10,6,1
3201,2,17,3,23,20,3,1
3202,14,17,5,77,9,9,1
3203,9,23,5,39,18,15,1
3205,83,2,5,0,2,57,2
3208,8,23,0,36,19,2,1
3209,4,15,4,78,9,8,1
3210,66,2,0,11,1,97,2
3211,8,12,5,59,13,5,1
3212,2,14,5,81,25,14,1
3213,0,24,0,29,8,9,1
3214,11,19,3,72,20,6,1
3216,16,19,5,24,9,11,1
3219,7,8,5,15,12,1,1
3220,71,0,0,10,1,73,2
3221,30,2,6,10,2,91,2
3222,28,2,122,7,0,12,0
3223,12,8,2,66,10,1,1
3225,21,0,68,5,1,5,0
3227,4,4,55,2,0,6,0
3228,51,2,0,4,2,79,2
3231,7,21,4,83,24,6,1
3233,6,19,0,17,9,9,1
3234,5,15,2,82,25,13,1
3236,39,0,5,7,0,87,2
3237,22,0,126,1,1,8,0
3238,10,10,4,77,13,8,1
3240,16,18,5,37,24,13,1
3241,31,0,41,2,1,17,0
3246,11,12,4,20,11,16,1
3247,23,1,67,3,2,14,0
3248,49,1,3,7,1,66,2
3249,55,1,1,9,0,95,2
3251,49,0,3,6,1,86,2
3253,7,22,1,40,11,17,1
3255,77,1,6,8,1,96,2
3256,15,4,48,5,0,3,0
3257,23,3,124,5,2,12,0
3260,9,22,5,24,25,5,1
3263,34,0,4,8,2,90,2
3265,15,0,115,7,1,1,0
3266,59,2,2,7,0,51,2
3268,17,16,0,43,23,7,1
3269,37,2,3,3,1,76,2
3272,4,10,1,66,10,9,1
3274,13,22,1,66,23,1,1
3278,13,2,91,2,1,15,0
3280,14,11,1,75,22,7,1
3281,29,2,1,9,0,65,2
3282,22,2,62,7,2,1,0
3285,24,0,39,6,2,15,0
3286,12,23,4,58,21,2,1
3288,10,1,79,2,2,16,0
3289,4,13,4,67,17,11,1
3290,30,4,75,4,1,8,0
3292,17,1,84,5,2,15,0
3293,80,0,5,9,2,101,2
3294,85,2,4,11,2,94,2
3299,23,3,123,4,1,11,0
3301,2,14,5,56,12,9,1
3304,21,1,54,0,2,8,0
3305,41,0,0,5,1,65,2
3307,76,1,1,1,0,51,2
3308,79,0,1,9,2,94,2
3311,80,0,5,8,0,69,2
3312,40,1,1,6,2,53,2
3314,10,18,1,37,22,15,1
3317,11,18,4,58,8,4,1
3319,15,16,4,34,21,4,1
3321,17,20,4,38,17,16,1
3324,5,16,1,57,10,9,1
3326,9,16,0,67,18,2,1
3327,9,14,4,52,20,18,1
3328,6,10,3,31,18,16,1
3332,13,3,82,6,1,14,0
3333,5,19,5,58,11,14,1
3334,12,22,4,88,24,0,1
3335,10,20,2,68,10,0,1
3336,0,15,3,29,10,3,1
3338,6,20,0,49,7,15,1
3340,0,16,4,29,22,5,1
3341,50,1,5,5,0,101,2
3345,74,2,7,11,0,93,2
3346,23,2,1,5,0,91,2
3347,57,1,2,2,2,88,2
3350,9,0,99,2,1,15,0
3352,16,2,115,7,0,21,0
3353,6,1,115,4,2,2,0
3354,13,19,4,16,10,12,1
3357,15,7,0,19,17,11,1
3360,16,23,1,41,26,4,1
3361,49,0,7,0,2,67,2
3362,32,1,112,1,1,17,0
3363,4,15,1,53,23,17,1
3366,1,13,1,87,13,10,1
3368,83,1,1,6,1,51,2
3371,18,9,0,84,8,10,1
3372,21,3,50,2,1,21,0
3374,56,0,3,10,1,61,2
3376,83,1,7,6,1,62,2
3378,15,12,0,36,24,17,1
3379,18,18,3,39,26,4,1
3381,22,1,41,2,2,12,0
3382,13,15,0,65,16,16,1
3383,86,2,0,0,2,75,2
3385,32,1,4,5,0,60,2
3388,31,3,44,3,0,11,0
3389,39,1,5,7,2,56,2
3390,48,1,0,1,0,67,2
3391,85,1,7,8,1,66,2
3392,56,0,5,3,0,78,2
3395,9,24,4,18,21,13,1
3396,78,0,7,11,2,78,2
3397,18,14,5,32,22,10,1
3400,7,9,0,87,25,9,1
3401,6,0,81,6,1,5,0
3404,13,10,3,60,12,10,1
3405,33,2,94,2,2,12,0
3407,30,1,6,9,0,92,2
3408,61,1,6,2,2,66,2
3409,16,23,4,32,7,6,1
3410,35,0,0,10,0,55,2
3411,77,1,1,1,2,56,2
3413,0,21,1,30,16,2,1
3415,29,0,1,2,1,96,2
3416,6,21,0,73,7,3,1
3417,30,1,71,2,2,10,0
3418,33,2,76,3,2,14,0
3420,81,0,7,2,1,84,2
3421,6,7,0,20,19,14,1
3422,3,1,92,1,0,14,0
3423,15,9,4,83,22,12,1
3428,65,0,7,0,0,53,2
3430,83,1,4,0,2,83,2
3431,47,2,0,7,2,60,2
3432,33,0,7,1,2,64,2
3436,5,19,3,24,15,1,1
3438,18,0,67,7,1,10,0
3442,4,8,0,82,10,1,1
3443,40,2,6,9,0,86,2
3453,2,22,4,72,15,4,1
3455,5,22,5,79,9,16,1
3456,11,16,4,72,15,17,1
3457,13,13,0,21,7,9,1
3459,10,11,0,32,16,11,1
3460,18,23,3,24,8,14,1
3461,16,2,118,1,1,20,0
3462,1,1,93,7,0,0,0
3466,50,1,2,1,0,88,2
3467,16,22,3,17,21,18,1
3468,26,1,58,0,1,4,0
3471,42,1,3,1,0,69,2
3472,2,2,63,6,1,12,0
3475,15,15,5,85,13,11,1
3477,55,0,7,4,0,56,2
3478,14,3,99,6,0,3,0
3479,5,8,4,17,9,2,1
3480,10,23,3,68,15,5,1
3482,75,2,5,2,2,69,2
3483,7,9,0,65,11,5,1
3484,15,16,3,68,17,15,1
3485,39,1,1,10,0,50,2
3488,4,11,4,45,25,12,1
3490,24,1,106,6,1,17,0
3492,16,3,56,1,0,2,0
3493,42,0,1,3,1,78,2
3494,71,0,5,10,1,93,2
3495,14,7,2,61,16,16,1
3496,8,19,2,81,25,15,1
3497,76,0,0,3,2,63,2
3498,17,20,1,56,10,9,1
3499,10,12,2,56,23,8,1
3501,6,15,3,52,23,5,1
3504,4,15,0,70,13,0,1
3506,11,21,3,48,12,14,1
3507,16,12,2,33,10,12,1
3508,1,12,2,47,24,7,1
3510,62,0,4,10,2,69,2
3511,19,9,3,52,18,19,1
3513,15,16,3,70,18,12,1
3514,30,3,49,3,1,6,0
3515,5,15,5,47,21,1,1
3516,5,9,1,45,13,19,1
3517,18,19,3,71,13,13,1
3520,15,19,3,15,12,14,1
3521,7,3,125,6,1,8,0
3522,7,24,2,73,20,15,1
3525,81,2,7,4,0,84,2
3529,38,0,1,2,1,64,2
3531,9,15,4,85,18,16,1
3532,9,24,0,78,12,9,1
3533,9,7,1,79,11,2,1
3534,36,4,47,0,2,20,0
3535,27,3,80,5,1,21,0
3536,7,8,0,72,20,13,1
3538,9,16,4,16,22,18,1
3540,32,3,55,5,0,18,0
3544,43,0,5,11,0,53,2
3548,19,19,0,38,10,19,1
3551,27,0,1,0,2,83,2
3552,3,17,2,62,13,6,1
3553,14,18,4,47,26,1,1
3554,3,1,65,7,0,5,0
3557,17,24,3,22,10,0,1
3558,29,4,77,6,2,18,0
3559,16,19,0,15,14,16,1
3563,8,9,2,79,14,11,1
3564,20,3,72,5,0,14,0
3566,2,15,0,69,13,14,1
3568,15,13,2,33,26,7,1
3569,2,3,45,1,1,2,0
3570,5,4,82,4,0,15,0
3571,18,20,0,70,18,12,1
3575,0,16,0,22,16,6,1
3576,69,2,7,8,0,95,2
3578,1,17,4,59,22,17,1
3580,41,1,1,7,1,54,2
3581,55,0,3,11,0,85,2
3583,13,20,3,50,7,6,1
3584,3,1,110,2,0,10,0
3585,79,1,0,6,2,82,2
3586,8,0,70,0,1,21,0
3587,54,1,4,0,1,55,2
3588,4,14,4,48,9,19,1
3593,13,20,2,81,14,2,1
3594,17,0,112,5,0,4,0
3596,5,0,50,6,2,7,0
3597,51,2,7,1,0,72,2
3598,18,24,3,58,26,3,1
3602,6,20,3,23,14,16,1
3605,65,0,6,10,0,97,2
3607,61,2,1,0,0,86,2
3608,0,2,127,1,0,1,0
3609,73,2,0,10,2,51,2
3610,57,1,2,10,0,88,2
3611,14,23,2,37,18,7,1
3612,81,1,6,7,2,79,2
3613,18,12,4,60,17,3,1
3616,33,2,63,6,2,10,0
3617,72,2,2,7,2,99,2
3618,55,2,7,11,0,79,2
3619,64,2,7,10,0,99,2
3621,45,0,5,7,2,55,2
3625,6,17,3,27,18,16,1
3626,55,0,3,7,0,85,2
3628,8,24,0,41,8,11,1
3629,43,0,3,2,2,84,2
3630,3,14,3,70,13,1,1
3632,11,22,3,29,11,8,1
3633,12,19,3,42,23,19,1
3636,10,3,93,1,2,3,0
3638,9,21,0,26,19,4,1
3639,6,14,4,32,24,16,1
3641,0,11,5,63,16,7,1
3643,78,0,6,9,2,62,2
3644,3,8,5,83,8,8,1
3646,18,14,4,37,20,18,1
3647,16,17,0,70,7,9,1
3648,19,15,1,77,17,4,1
3649,6,7,3,37,9,7,1
3650,25,3,118,3,0,2,0
3653,16,4,118,4,1,13,0
3657,19,22,3,41,15,16,1
3658,8,4,84,2,1,19,0
3659,4,11,3,88,16,8,1
3660,0,13,5,33,24,8,1
3661,11,4,105,0,0,16,0
3662,55,0,7,10,1,74,2
3663,27,1,3,9,0,83,2
3666,9,16,3,80,9,13,1
3673,7,13,3,78,16,15,1
3676,13,24,3,55,14,7,1
3677,29,2,3,11,1,97,2
3679,17,3,127,5,0,2,0
3680,11,16,3,38,26,17,1
3681,17,4,114,5,2,8,0
3682,41,2,5,1,0,69,2
3684,12,10,1,20,7,0,1
3685,86,0,4,4,0,87,2
3688,9,7,5,83,18,6,1
3689,15,17,2,51,22,10,1
3690,27,2,7,10,2,68,2
3691,9,11,5,66,25,19,1
3692,15,17,1,48,17,13,1
3694,62,0,7,7,1,92,2
3696,6,1,38,1,1,19,0
3698,17,15,5,81,11,6,1
3699,7,10,3,72,22,9,1
3701,28,0,127,3,1,1,0
3703,73,2,1,2,1,89,2
3706,1,14,4,85,24,1,1
3709,83,2,1,3,1,73,2
3710,50,0,1,1,0,100,2
3713,13,11,4,83,19,18,1
3716,69,1,4,0,2,85,2
3718,15,12,1,39,15,13,1
3720,14,1,69,0,1,6,0
3721,34,0,2,0,1,94,2
3723,32,0,54,7,2,10,0
3724,11,4,126,1,0,20,0
3726,14,7,3,55,7,4,1
3729,23,1,2,9,1,102,2
3730,49,0,1,6,2,77,2
3732,8,3,87,4,2,8,0
3733,8,12,3,31,7,5,1
3734,2,14,0,74,11,14,1
3735,43,0,1,7,1,61,2
3736,24,1,6,7,2,56,2
3738,1,10,3,86,16,18,1
3739,19,20,4,64,18,3,1
3740,14,4,113,2,2,3,0
3742,14,3,104,3,1,9,0
3744,84,0,6,6,0,97,2
3745,28,2,53,3,1,9,0
3746,15,8,1,55,7,0,1
3747,14,0,82,5,2,19,0
3748,55,2,7,1,0,98,2
3749,33,0,2,5,2,91,2
3752,80,2,3,4,2,94,2
3754,79,2,0,10,2,78,2
3755,56,1,3,6,0,96,2
3757,22,1,112,2,1,6,0
3758,10,1,52,6,2,17,0
3759,7,4,43,6,2,6,0
3760,66,2,5,7,1,100,2
3762,4,20,3,77,7,7,1
3763,9,14,0,40,15,16,1
3764,27,0,108,6,2,11,0
3765,18,9,2,20,8,13,1
3766,27,1,86,1,0,4,0
3768,2,8,3,27,25,10,1
3769,83,1,7,3,2,67,2
3770,9,17,0,55,24,10,1
3771,85,1,0,3,2,66,2
3773,0,9,5,43,10,13,1
3776,11,11,2,83,7,5,1
3777,15,18,5,35,16,1,1
3778,17,8,1,29,24,19,1
3779,16,10,2,16,8,2,1
3782,67,1,3,10,1,56,2
3783,79,2,3,3,0,69,2
3784,33,2,99,5,2,8,0
3785,10,24,5,38,18,6,1
3789,8,12,5,77,14,9,1
3790,16,9,4,63,23,4,1
3792,17,19,0,15,8,4,1
3793,10,19,1,57,21,19,1
3795,26,2,6,8,2,66,2
3798,7,15,5,22,21,4,1
3799,82,0,0,10,1,78,2
3801,71,1,7,4,2,75,2
3802,16,2,65,0,0,12,0
3803,70,1,1,8,0,68,2
3804,7,21,4,50,25,16,1
3806,42,2,7,11,2,84,2
3807,15,12,0,75,14,17,1
3808,72,2,1,10,0,89,2
3810,8,1,73,3,0,3,0
3811,23,0,107,3,0,5,0
3812,21,3,111,0,2,5,0
3813,20,0,79,1,1,11,0
3817,36,2,5,10,2,84,2
3818,70,2,6,8,0,100,2
3820,9,20,1,60,17,9,1
3821,9,23,2,50,7,15,1
3822,20,3,59,0,0,12,0
3824,15,21,0,44,24,18,1
3825,7,12,2,63,12,7,1
3826,53,0,3,7,1,85,2
3827,2,22,2,58,17,11,1
3828,14,12,0,44,18,9,1
3829,17,14,5,33,21,11,1
3830,5,0,84,7,1,3,0
3833,46,2,0,4,1,93,2
3836,0,1,61,6,2,0,0
3837,5,0,41,7,0,0,0
3838,6,15,2,41,11,3,1
3842,70,0,0,6,0,81,2
3844,15,14,3,75,21,6,1
3845,5,18,0,34,15,19,1
3846,7,7,0,17,16,4,1
3847,12,10,5,34,15,8,1
3848,76,1,0,6,1,71,2
3849,20,1,42,4,2,18,0
3850,25,3,40,7,2,0,0
3852,6,18,2,24,15,18,1
3854,14,13,0,64,23,1,1
3855,5,19,0,45,26,10,1
3856,12,22,0,73,7,11,1
3857,68,0,4,10,1,80,2
3858,18,17,1,54,10,3,1
3859,15,15,5,28,22,2,1
3861,19,18,4,35,22,9,1
3863,9,4,118,4,0,3,0
3864,18,1,56,3,0,7,0
3865,18,18,4,58,9,4,1
3867,5,9,2,31,22,14,1
3868,14,21,5,69,14,1,1
3870,4,9,5,38,8,18,1
3872,16,22,4,55,15,7,1
3873,1,22,3,77,23,9,1
3874,11,8,2,29,14,14,1
3876,7,14,5,63,14,16,1
3877,9,12,0,45,17,12,1
3879,46,1,1,4,0,62,2
3880,39,0,1,6,2,97,2
3883,9,10,1,59,10,11,1
3884,19,24,2,83,15,16,1
3885,79,2,5,2,0,62,2
3887,18,18,4,51,19,9,1
3888,29,2,5,3,0,61,2
3890,16,9,3,27,13,13,1
3893,71,2,5,4,0,74,2
3894,59,1,7,10,0,101,2
3898,19,16,5,47,9,6,1
3901,32,3,55,6,2,9,0
3903,2,13,5,72,10,9,1
3904,19,10,1,35,26,19,1
3905,24,0,4,4,2,101,2
3906,13,22,3,50,12,15,1
3907,86,0,4,2,1,54,2
3908,19,9,3,35,25,15,1
3909,12,13,3,48,12,18,1
3910,41,0,4,11,2,92,2
3911,21,3,100,4,1,11,0
3912,25,0,56,2,2,21,0
3915,8,4,38,5,0,17,0
3916,17,15,0,29,13,2,1
3919,0,20,5,83,23,4,1
3920,27,1,6,10,1,67,2
3922,30,1,4,4,2,66,2
3923,4,15,3,42,26,16,1
3927,8,23,1,54,20,19,1
3928,8,20,5,75,8,2,1
3929,2,10,0,32,7,7,1
3930,12,4,39,3,0,14,0
3932,21,0,124,1,0,16,0
3934,86,1,0,11,1,93,2
3935,17,4,62,3,0,6,0
3936,9,22,0,70,26,3,1
3938,29,4,73,2,2,3,0
3945,24,1,6,6,1,84,2
3947,44,1,2,3,2,61,2
3949,57,1,6,10,0,53,2
3950,0,1,73,3,1,9,0
3952,2,14,4,35,19,11,1
3953,12,14,0,78,24,0,1
3954,82,1,7,10,0,70,2
3955,54,1,5,5,0,80,2
3958,27,0,1,6,0,67,2
3960,27,0,4,8,2,58,2
3961,7,13,4,57,26,2,1
3962,15,9,3,36,11,13,1
3964,24,0,0,5,2,71,2
3965,11,20,4,17,18,17,1
3966,67,2,3,9,2,84,2
3967,15,14,3,37,22,11,1
3969,26,2,4,4,0,79,2
3972,7,19,0,29,18,16,1
3973,5,11,4,30,16,7,1
3974,1,12,2,25,26,12,1
3979,66,1,4,6,1,94,2
3980,18,2,89,0,1,13,0
3983,19,3,66,6,2,6,0
3984,19,3,83,1,0,7,0
3985,36,0,3,11,0,84,2
3986,40,1,1,6,2,88,2
3987,44,2,1,11,2,97,2
3989,57,0,2,4,0,72,2
3990,11,24,1,64,8,10,1
3991,83,1,1,9,2,66,2
3993,11,3,121,2,1,3,0
3994,58,1,4,3,2,65,2
3995,3,13,0,26,18,15,1
3996,76,1,3,4,1,75,2
3998,5,19,5,40,22,11,1
3999,6,2,74,1,0,6,0
4000,50,1,4,2,0,68,2
4002,8,24,5,65,25,15,1
4003,56,0,1,0,2,71,2
4005,46,2,7,0,2,58,2
4006,14,21,5,16,8,19,1
4008,9,22,0,37,17,5,1
4009,5,23,3,44,19,13,1
4010,8,13,5,73,26,6,1
4012,11,19,4,35,26,3,1
4013,12,24,3,48,18,15,1
4014,52,1,5,10,0,94,2
4015,2,24,3,58,19,5,1
4016,16,4,93,4,0,12,0
4018,7,14,3,51,10,18,1
4020,6,14,1,70,7,17,1
4023,1,14,5,64,11,15,1
4024,59,2,2,9,0,71,2
4025,76,2,6,8,2,101,2
4026,1,18,5,17,26,2,1
4027,16,15,1,24,10,0,1
4031,66,2,2,5,2,72,2
4032,9,18,4,68,22,19,1
4038,11,14,0,18,9,15,1
4041,70,1,6,0,0,91,2
4042,0,19,5,46,16,4,1
4045,68,0,0,3,2,62,2
4047,3,22,0,22,19,3,1
4049,16,1,61,2,1,11,0
4054,22,1,45,7,1,18,0
4055,15,24,0,38,17,9,1
4056,66,2,5,5,0,74,2
4058,27,4,53,5,1,2,0
4061,50,1,4,9,2,77,2
4062,9,21,5,36,19,13,1
4064,47,0,3,11,2,67,2
4066,10,18,3,60,9,17,1
4068,24,2,0,11,1,96,2
4074,12,12,4,15,21,10,1
4075,28,4,118,2,0,12,0
4076,48,2,3,3,0,74,2
4077,11,12,4,50,10,7,1
4078,3,19,5,63,21,14,1
4079,74,0,3,8,1,94,2
4081,5,15,5,45,14,5,1
4082,19,23,1,24,23,16,1
4083,15,17,2,28,20,3,1
4084,69,1,0,6,2,96,2
4086,69,0,5,8,1,75,2
4087,39,1,7,4,2,59,2
4088,10,9,0,76,24,0,1
4091,16,17,4,26,9,1,1
4093,54,2,0,3,1,92,2
4096,32,3,58,2,2,18,0
4100,9,12,1,33,22,2,1
4103,11,22,0,16,8,19,1
4107,0,17,3,19,7,12,1
4108,14,22,1,40,14,2,1
4109,1,3,55,3,2,17,0
4111,20,1,125,5,0,21,0
4114,23,0,75,7,2,17,0
4117,5,15,1,72,20,14,1
4119,38,2,2,0,2,71,2
4120,33,1,5,7,0,92,2
4121,82,0,5,2,0,55,2
4122,8,16,5,45,22,8,1
4124,29,4,53,2,2,8,0
4125,55,1,7,9,1,80,2
4126,84,2,4,6,1,80,2
4127,25,1,0,7,2,92,2
4129,31,1,1,0,1,84,2
4130,57,0,3,2,2,78,2
4132,25,0,43,1,0,9,0
4135,30,3,53,2,0,17,0
4138,29,2,0,1,2,53,2
4139,7,11,3,56,19,18,1
4141,6,18,5,65,17,3,1
4144,37,2,1,2,1,89,2
4146,4,14,0,63,19,15,1
4147,36,4,69,4,1,19,0
4148,64,0,7,5,2,70,2
4150,22,2,74,4,0,9,0
4151,18,0,82,0,2,6,0
4152,20,0,120,3,0,12,0
4153,75,2,6,10,0,82,2
4154,46,0,0,4,0,93,2
4155,26,2,62,6,2,15,0
4156,9,7,5,75,8,11,1
4157,13,4,84,4,2,14,0
4159,48,1,4,7,2,75,2
4160,2,16,2,31,19,16,1
4161,9,20,1,55,15,8,1
4164,49,0,7,2,0,54,2
4165,4,2,84,5,0,13,0
4168,23,1,4,0,1,74,2
4170,3,21,5,49,20,19,1
4171,6,2,120,6,2,17,0
4172,26,0,119,1,0,6,0
4175,3,1,38,1,2,15,0
4176,59,2,1,8,1,65,2
4178,54,2,0,3,2,57,2
4179,22,0,61,3,2,6,0
4181,7,21,5,69,7,9,1
4182,70,0,3,1,0,74,2
4183,10,10,3,52,9,16,1
4185,71,1,6,7,0,81,2
4186,23,1,1,9,0,82,2
4189,79,2,5,10,1,91,2
4190,31,2,4,8,0,58,2
4192,10,23,1,73,9,19,1
4194,2,9,5,87,22,14,1
4197,36,1,3,6,0,51,2
4199,26,2,76,1,0,16,0
4200,0,2,67,1,2,12,0
4204,12,3,118,1,2,10,0
4206,24,1,66,7,1,2,0
4207,16,20,2,69,16,12,1
4208,33,0,117,0,2,12,0
4209,77,0,1,5,1,50,2
4210,5,13,4,79,20,1,1
4211,18,4,80,0,2,0,0
4212,19,11,4,70,22,14,1
4213,8,9,0,77,19,0,1
4214,14,8,3,17,19,19,1
4215,24,0,3,7,0,61,2
4216,15,13,0,64,16,12,1
4217,7,2,106,3,2,2,0
4218,53,2,4,5,0,77,2
4219,86,0,2,8,0,94,2
4222,30,1,5,7,0,60,2
4223,6,1,126,1,1,6,0
4225,25,1,109,5,0,16,0
4226,11,20,0,16,16,9,1
4227,68,1,6,5,2,52,2
4228,23,4,108,7,0,1,0
4230,25,1,41,0,1,18,0
4232,4,14,5,29,13,17,1
4233,7,13,5,87,7,11,1
4236,43,0,0,9,0,80,2
4237,9,18,5,68,9,8,1
4238,0,8,5,71,8,17,1
4239,15,14,3,28,24,10,1
4240,19,19,2,32,16,1,1
4241,12,19,4,66,26,13,1
4244,34,4,56,2,2,11,0
4248,4,19,1,65,15,15,1
4249,9,1,103,1,0,8,0
4250,51,1,6,5,0,72,2
4251,15,3,53,7,2,5,0
4253,46,2,7,4,1,68,2
4255,14,20,2,43,15,16,1
4263,32,2,127,4,0,0,0
4264,5,9,5,54,21,15,1
4265,57,0,7,1,0,96,2
4267,8,1,54,1,1,10,0
4268,86,2,5,3,0,79,2
4270,17,20,4,58,7,13,1
4271,4,19,1,74,9,11,1
4272,80,1,6,4,0,82,2
4273,33,2,72,0,0,11,0
4274,4,12,2,32,13,9,1
4275,61,0,0,10,1,88,2
4276,25,0,1,9,0,77,2
4278,3,12,2,36,16,5,1
4279,5,4,47,0,1,9,0
4280,1,0,74,6,2,9,0
4281,1,0,98,1,1,10,0
4282,63,1,3,9,0,78,2
4284,19,9,4,24,25,6,1
4285,2,10,2,66,26,13,1
4286,24,3,93,4,2,15,0
4287,44,0,3,0,0,57,2
4289,12,13,4,57,25,10,1
4290,16,23,2,33,26,17,1
4292,53,1,6,1,2,96,2
4294,13,24,4,15,19,16,1
4296,2,19,3,37,16,18,1
4298,10,9,0,17,25,8,1
4299,54,0,0,0,1,87,2
4300,14,16,1,70,14,18,1
4302,6,15,1,59,10,1,1
4303,58,0,1,2,0,80,2
4311,13,16,3,62,25,18,1
4312,9,3,61,6,1,15,0
4315,50,0,2,4,2,81,2
4316,10,8,2,55,15,6,1
4317,8,7,3,49,14,3,1
4318,34,2,3,5,0,58,2
4319,83,1,4,5,0,60,2
4320,15,1,96,1,1,21,0
4322,11,11,2,38,11,6,1
4323,7,18,5,43,12,16,1
4324,0,14,3,60,15,10,1
4326,6,8,2,64,12,6,1
4329,5,13,4,58,15,6,1
4330,47,0,4,7,1,102,2
4331,17,4,40,3,0,10,0
4332,63,1,6,1,2,84,2
4333,69,1,3,0,1,75,2
4335,16,20,3,51,24,2,1
4336,1,3,37,2,2,9,0
4337,9,24,1,17,14,0,1
4338,3,8,3,56,13,14,1
4339,18,10,5,22,11,0,1
4340,47,0,1,1,2,100,2
4341,11,17,2,86,9,6,1
4342,16,9,2,59,24,9,1
4345,1,10,4,34,13,13,1
4346,75,2,4,2,2,77,2
4347,10,8,1,87,12,18,1
4348,5,3,115,7,2,12,0
4349,85,0,2,5,0,57,2
4351,66,1,2,10,1,75,2
4352,0,4,47,6,0,9,0
4353,11,0,96,7,0,21,0
4356,3,24,1,21,13,14,1
4357,5,15,1,62,17,9,1
4358,3,3,57,3,0,12,0
4359,12,21,3,68,22,7,1
4361,6,24,0,29,19,16,1
4363,14,11,1,16,13,12,1
4364,11,17,3,28,13,13,1
4366,1,24,2,21,8,6,1
4367,11,14,4,72,23,9,1
4368,11,19,4,62,26,1,1
4372,10,21,3,39,12,12,1
4374,19,2,85,2,0,0,0
4375,13,11,0,60,7,9,1
4377,11,8,5,15,17,10,1
4378,16,12,4,56,17,0,1
4379,2,4,70,0,1,9,0
4380,15,21,2,32,21,8,1
4383,54,1,3,4,0,84,2
4385,18,8,0,77,18,12,1
4387,46,2,0,6,1,94,2
4388,9,19,4,54,8,3,1
4389,18,20,4,88,14,6,1
4394,12,19,1,20,10,8,1
4395,1,14,3,65,17,16,1
4399,12,3,63,7,1,5,0
4400,24,2,52,6,2,4,0
4401,7,19,0,41,25,8,1
4402,31,0,0,7,0,74,2
4405,17,14,4,87,7,18,1
4407,6,19,5,59,19,3,1
4410,17,11,0,29,12,19,1
4411,22,3,52,0,2,13,0
4412,38,2,6,1,1,91,2
4413,0,0,67,3,2,0,0
4414,57,1,6,11,1,98,2
4415,13,4,91,4,0,19,0
4417,1,0,110,3,1,2,0
4422,38,2,2,3,0,60,2
4423,61,2,3,8,2,62,2
4424,64,2,6,10,2,87,2
4426,2,19,2,69,25,5,1
4428,77,0,5,6,2,93,2
4431,9,16,4,49,26,15,1
4432,39,1,4,2,0,61,2
4435,15,16,1,57,23,1,1
4437,43,1,3,11,2,73,2
4438,14,8,2,76,9,1,1
4439,25,2,7,3,1,72,2
4440,11,10,1,88,11,4,1
4441,18,3,54,4,2,14,0
4442,31,4,42,2,2,15,0
4444,46,1,3,0,1,84,2
4446,42,1,0,11,0,59,2
4447,22,4,86,7,1,12,0
4448,41,2,1,1,1,92,2
4449,21,3,50,4,0,14,0
4450,3,8,4,47,12,17,1
4452,15,11,2,22,14,10,1
4456,74,1,4,2,0,75,2
4457,9,1,56,1,2,11,0
4458,19,21,2,44,15,4,1
4459,46,2,1,2,1,88,2
4460,9,2,85,2,2,12,0
4463,17,0,121,3,1,2,0
4464,52,0,6,5,0,83,2
4467,34,3,63,2,1,17,0
4468,15,20,1,67,20,0,1
4469,14,13,3,68,13,13,1
4471,17,20,0,19,11,10,1
4472,70,2,7,4,2,67,2
4475,13,22,2,72,16,18,1
4476,82,2,3,4,2,52,2
4477,47,2,0,11,2,95,2
4480,17,17,4,88,22,19,1
4481,71,1,6,5,0,99,2
4484,8,12,1,62,22,13,1
4487,59,1,5,7,1,58,2
4488,9,7,0,62,22,1,1
4489,17,14,2,28,25,10,1
4490,29,2,108,6,0,12,0
4491,2,14,2,23,26,18,1
4495,15,15,3,29,9,8,1
4497,54,1,1,4,0,56,2
4498,57,1,1,5,1,71,2
4499,7,10,4,71,12,0,1
4502,12,7,0,57,26,3,1
4503,4,15,2,51,21,11,1
4504,28,3,98,1,1,8,0
4505,9,2,112,2,0,3,0
4506,2,1,79,3,2,0,0
4509,13,18,0,46,13,14,1
4512,31,4,113,1,1,18,0
4513,15,14,0,51,7,2,1
4515,74,1,3,6,1,58,2
4516,11,8,5,77,8,6,1
4517,3,21,5,75,11,15,1
4518,50,2,3,10,0,102,2
4519,23,0,5,11,2,76,2
4522,3,13,5,82,14,18,1
4524,24,1,3,0,2,63,2
4525,9,23,0,77,15,15,1
4526,72,2,4,2,2,100,2
4527,46,2,3,6,2,57,2
4528,0,8,2,29,23,10,1
4530,11,7,1,62,10,17,1
4531,47,0,2,2,0,81,2
4532,74,2,7,0,2,60,2
4535,1,19,1,23,26,5,1
4536,12,22,0,77,13,10,1
4537,32,1,117,0,1,3,0
4539,0,21,5,78,20,18,1
4540,2,20,1,65,14,0,1
4544,15,15,5,40,22,1,1
4545,36,1,5,10,1,77,2
4546,30,1,5,5,0,62,2
4548,18,13,5,46,17,14,1
4549,1,18,3,78,22,12,1
4551,20,1,100,0,2,2,0
4553,52,0,7,3,1,78,2
4554,15,9,2,37,21,16,1
4555,12,13,2,26,11,14,1
4556,17,18,3,63,24,8,1
4557,18,8,0,85,15,7,1
4559,8,23,0,45,20,14,1
4561,34,1,95,7,2,18,0
4562,16,24,4,20,18,1,1
4565,48,1,1,9,2,73,2
4567,15,8,4,81,16,10,1
4568,16,23,3,43,22,0,1
4569,1,7,4,45,16,15,1
4570,0,13,3,82,13,16,1
4571,35,3,70,5,1,6,0
4572,66,0,3,2,0,77,2
4573,14,8,5,78,13,4,1
4575,10,9,1,54,10,7,1
4577,13,4,48,0,1,14,0
4578,15,4,60,4,1,0,0
4579,4,10,3,48,13,6,1
4582,5,16,2,27,19,6,1
4585,11,2,45,6,1,12,0
4589,74,2,7,0,1,55,2
4593,10,8,2,58,22,14,1
4594,31,4,70,3,0,8,0
4596,0,3,90,1,0,7,0
4598,12,11,3,33,8,16,1
4600,14,13,4,83,20,5,1
4601,15,7,4,74,9,13,1
4603,50,0,0,0,1,94,2
4604,1,18,0,77,26,10,1
4605,10,0,69,5,2,17,0
4607,1,24,2,41,9,5,1
4608,15,1,125,3,1,13,0
4611,82,0,5,4,0,70,2
4613,73,2,7,5,0,96,2
4614,62,0,2,4,2,63,2
4615,12,3,42,0,0,14,0
4616,12,19,5,69,13,19,1
4617,5,24,1,39,12,1,1
4619,45,0,1,5,0,80,2
4620,15,1,106,5,2,0,0
4623,82,2,7,4,1,62,2
4624,16,16,3,48,9,8,1
4625,66,2,5,6,1,52,2
4627,80,0,6,7,2,51,2
4629,23,1,1,11,1,68,2
4630,66,1,0,0,2,90,2
4632,13,3,74,4,1,7,0
4633,36,1,66,6,1,21,0
4634,5,2,38,0,2,4,0
4637,11,3,88,0,1,3,0
4639,82,1,1,2,1,69,2
4642,21,2,60,7,1,11,0
4643,57,1,2,9,1,57,2
4644,18,8,0,41,10,10,1
4646,22,0,116,2,1,10,0
4649,16,12,1,26,25,1,1
4650,43,1,1,10,2,92,2
4652,7,4,112,4,0,16,0
4653,5,3,45,6,2,9,0
4655,3,20,5,85,24,14,1
4658,12,18,0,86,23,14,1
4659,73,1,5,9,1,81,2
4660,54,0,6,6,2,58,2
4661,19,21,4,42,10,9,1
4663,50,2,5,1,0,98,2
4664,49,0,2,10,2,92,2
4665,4,17,0,23,12,3,1
4667,16,22,4,51,25,17,1
4668,13,7,5,84,7,7,1
4670,31,2,5,6,2,97,2
4672,25,4,111,5,0,15,0
4673,28,0,5,1,0,85,2
4675,55,1,7,11,2,74,2
4681,19,23,3,84,17,5,1
4682,45,2,5,9,1,65,2
4683,3,23,4,20,19,15,1
4685,14,20,5,62,20,15,1
4686,0,18,5,85,9,9,1
4687,64,1,5,2,0,62,2
4688,9,22,0,65,8,12,1
4689,61,2,2,4,0,81,2
4690,50,1,1,9,0,50,2
4691,29,3,49,1,1,20,0
4693,74,0,7,2,0,53,2
4696,0,16,1,41,17,9,1
4697,8,17,1,34,26,10,1
4698,4,8,3,50,25,6,1
4701,4,1,98,5,2,6,0
4702,36,0,82,2,2,21,0
4706,11,12,1,19,22,3,1
4707,14,14,3,78,26,15,1
4709,35,1,115,4,0,13,0
4710,10,24,0,70,8,18,1
4711,71,1,2,8,2,62,2
4712,7,20,0,29,26,18,1
4714,12,20,5,73,19,9,1
4715,15,24,3,55,15,16,1
4717,17,21,4,83,21,10,1
4719,23,2,104,6,0,8,0
4720,27,4,59,0,1,11,0
4723,25,3,90,0,0,14,0
4724,24,1,4,3,2,87,2
4726,4,15,3,79,24,12,1
4728,13,18,1,31,23,10,1
4729,13,15,3,85,23,5,1
4730,14,11,1,63,21,17,1
4732,1,0,118,3,1,0,0
4734,8,18,4,78,25,10,1
4737,19,16,0,30,13,10,1
4739,17,2,125,4,1,18,0
4740,34,2,112,4,0,1,0
4741,8,18,4,24,20,1,1
4742,53,1,5,0,1,93,2
4743,23,0,0,5,2,95,2
4744,19,23,2,74,12,19,1
4745,1,24,0,66,13,8,1
4746,2,12,3,52,14,17,1
4747,4,9,1,86,11,7,1
4748,52,0,5,5,0,100,2
4750,15,16,3,73,22,13,1
4751,11,12,2,42,25,13,1
4754,52,2,6,7,1,101,2
4757,7,21,3,67,18,14,1
4760,34,0,6,0,1,79,2
4763,75,1,3,0,2,84,2
4764,32,4,54,7,1,5,0
4767,18,16,4,74,8,0,1
4768,5,12,3,18,9,4,1
4769,17,1,126,0,0,1,0
4770,25,4,59,5,1,1,0
4771,4,13,3,23,25,13,1
4772,11,17,5,73,20,7,1
4773,27,2,1,10,0,51,2
4775,2,24,1,65,19,9,1
4776,18,8,5,52,22,15,1
4777,1,24,3,80,26,1,1
4778,54,1,4,3,2,50,2
4779,9,16,5,35,16,13,1
4784,27,4,114,6,2,5,0
4785,23,4,115,6,1,21,0
4786,25,0,46,7,0,0,0
4787,27,4,65,0,2,10,0
4789,11,13,0,61,17,9,1
4791,11,14,5,82,22,12,1
4792,16,7,0,17,18,18,1
4793,48,0,4,9,2,100,2
4794,76,0,7,10,0,97,2
4795,69,2,5,10,0,98,2
4796,85,0,2,5,1,65,2
4797,71,0,7,8,1,95,2
4798,5,19,0,60,17,1,1
4800,4,7,5,27,25,12,1
4801,23,4,116,6,1,14,0
4802,36,1,3,11,1,55,2
4803,2,21,2,80,22,19,1
4804,81,2,0,2,0,88,2
4805,12,22,2,82,8,19,1
4806,12,18,2,65,7,18,1
4807,4,14,1,15,23,2,1
4808,85,2,2,0,2,50,2
4809,19,23,5,84,11,11,1
4810,5,7,0,72,13,12,1
4811,7,10,2,31,11,17,1
4812,0,1,115,5,0,10,0
4813,34,2,4,5,0,102,2
4814,82,2,4,7,0,88,2
4819,3,19,0,46,18,18,1
4821,38,0,4,2,1,87,2
4824,19,17,4,20,8,5,1
4825,69,2,7,8,2,62,2
4826,4,14,2,53,12,16,1
4827,15,9,1,58,14,7,1
4828,71,0,6,4,1,77,2
4829,2,17,3,84,22,15,1
4830,33,2,4,1,0,99,2
4831,23,0,1,6,2,85,2
4834,8,19,3,18,22,4,1
4835,11,24,3,19,19,16,1
4836,72,2,4,0,0,102,2
4839,7,21,0,77,22,9,1
4840,85,2,3,2,1,87,2
4844,4,13,5,50,12,8,1
4848,49,1,5,4,1,66,2
4849,75,1,7,6,1,62,2
4850,57,1,5,1,2,97,2
4852,74,2,2,7,2,63,2
4853,18,3,64,7,0,17,0
4854,18,19,3,52,14,5,1
4855,5,16,0,36,22,19,1
4856,56,1,2,1,2,66,2
4857,48,2,1,11,2,62,2
4858,57,1,7,1,1,63,2
4859,15,22,2,68,7,17,1
4860,42,2,7,5,0,92,2
4863,1,3,89,6,2,15,0
4866,13,13,2,63,21,14,1
4868,18,11,1,57,17,19,1
4869,12,23,3,66,7,10,1
4871,14,18,3,84,18,12,1
4872,13,3,54,7,2,18,0
4873,23,0,108,1,1,0,0
4874,26,2,112,5,2,21,0
4875,13,11,2,74,10,17,1
4877,11,23,1,62,20,10,1
4880,4,17,1,53,7,2,1
4881,62,1,6,6,2,55,2
4883,4,12,0,64,19,1,1
4884,15,18,0,86,10,1,1
4886,4,20,0,47,25,10,1
4887,16,14,4,73,21,6,1
4888,15,20,3,85,25,14,1
4889,6,7,4,44,13,19,1
4892,33,2,7,9,0,97,2
4893,0,24,0,57,14,5,1
4895,6,20,1,41,22,1,1
4896,13,9,5,18,17,9,1
4898,1,1,122,7,2,18,0
4899,4,16,4,83,23,7,1
4900,85,1,7,7,2,89,2
4901,1,9,5,80,18,0,1
4903,2,14,3,55,18,19,1
4905,38,2,0,9,1,67,2
4906,12,0,83,3,2,17,0
4907,1,22,2,67,12,14,1
4910,74,1,5,4,0,90,2
4911,12,15,3,61,7,19,1
4915,63,2,3,9,2,88,2
4916,14,20,0,55,7,10,1
4918,10,18,5,64,17,6,1
4919,15,8,4,68,17,5,1
4920,30,1,61,4,2,15,0
4922,6,1,73,7,0,20,0
4927,42,1,3,8,1,83,2
4929,14,13,2,71,14,9,1
4930,19,0,42,5,0,4,0
4931,18,10,0,48,10,12,1
4932,0,12,5,60,19,5,1
4935,13,14,5,21,22,12,1
4936,2,3,85,6,2,11,0
4937,12,23,5,73,13,7,1
4938,74,1,1,0,2,71,2
4941,13,22,1,58,16,6,1
4943,14,15,1,79,24,6,1
4944,7,21,5,63,25,4,1
4948,5,24,1,58,8,14,1
4949,42,2,5,0,2,65,2
4950,4,9,0,66,13,9,1
4952,2,16,3,71,15,7,1
4956,5,21,4,56,7,17,1
4957,14,1,123,5,0,12,0
4961,14,8,0,43,13,18,1
4965,6,11,2,62,14,15,1
4970,40,1,0,11,0,94,2
4971,19,14,0,66,8,16,1
4972,12,7,3,65,15,19,1
4977,9,21,4,49,19,19,1
4978,33,2,7,9,0,68,2
4980,59,2,2,2,1,76,2
4983,25,3,101,4,1,2,0
4986,14,3,79,3,2,14,0
4987,14,22,1,86,9,10,1
4989,1,1,52,1,0,9,0
4990,67,2,6,2,2,100,2
4991,4,15,5,29,25,1,1
4994,39,2,3,4,0,87,2
4995,7,10,5,35,22,14,1
4997,61,1,3,3,2,84,2
4999,1,15,0,16,22,14,1
5001,47,1,1,1,0,85,2
5002,13,13,4,62,16,6,1
5004,48,1,1,1,0,94,2
5005,13,20,0,31,24,14,1
5007,10,20,1,80,21,15,1
5010,16,1,102,5,0,0,0
5013,18,19,2,15,12,2,1
5017,34,1,5,2,0,54,2
5018,16,17,1,71,21,11,1
5019,63,0,7,9,1,91,2
5021,22,4,53,5,2,7,0
5023,58,0,6,7,2,90,2
5025,1,16,0,28,9,1,1
5026,6,11,0,25,24,18,1
5027,15,23,5,23,10,14,1
5028,17,24,1,52,9,8,1
5029,4,15,3,26,15,11,1
5030,71,2,6,3,0,50,2
5031,36,1,1,9,2,70,2
5032,12,22,2,62,25,1,1
5033,4,15,3,48,14,11,1
5038,55,1,7,10,1,89,2
5041,39,0,2,6,2,86,2
5042,14,16,3,36,16,17,1
5043,60,0,3,4,2,96,2
5044,4,20,2,19,8,19,1
5045,25,0,0,5,0,58,2
5047,26,2,62,6,0,1,0
5048,19,22,1,79,18,1,1
5049,5,11,4,60,10,13,1
5050,27,2,6,10,2,59,2
5052,28,3,60,1,2,4,0
5053,7,21,0,22,25,11,1
5056,58,0,1,0,0,75,2
5057,17,4,108,1,2,21,0
5058,15,7,1,32,23,5,1
5061,13,1,54,2,0,5,0
5063,4,17,1,31,10,1,1
5064,19,8,5,81,10,2,1
5065,9,3,113,3,2,10,0
5066,45,1,4,6,0,96,2
5067,18,18,3,29,11,10,1
5068,41,1,4,11,1,76,2
5069,51,1,3,9,2,90,2
5071,13,1,105,3,2,20,0
5074,34,0,115,4,0,13,0
5075,16,18,1,82,8,15,1
5076,3,13,2,26,23,0,1
5077,0,13,4,71,15,0,1
5078,4,10,1,43,12,18,1
5079,5,23,1,29,23,3,1
5080,45,0,1,1,2,62,2
5085,22,4,107,4,0,0,0
5086,7,3,123,1,0,19,0
5087,53,1,0,4,2,52,2
5089,35,1,4,0,1,95,2
5090,34,1,116,5,2,16,0
5091,57,1,1,0,2,69,2
5092,63,0,1,3,0,50,2
5095,1,3,43,3,0,4,0
5097,15,11,3,48,14,0,1
5098,26,4,121,0,2,7,0
5099,34,1,6,11,0,59,2
5100,6,11,5,65,25,2,1
5101,70,2,3,10,0,67,2
5102,69,2,0,11,1,102,2
5103,19,16,1,80,20,18,1
5104,73,2,1,8,2,66,2
5105,10,21,3,59,18,9,1
5107,12,2,75,7,2,3,0
5108,54,2,6,9,2,59,2
5110,27,3,52,0,0,4,0
5111,18,9,4,52,22,14,1
5112,2,24,3,24,24,5,1
5113,62,2,1,5,1,99,2
5114,8,12,3,59,13,3,1
5116,11,16,3,25,8,5,1
5117,11,19,3,54,21,5,1
5118,64,1,5,9,2,102,2
5123,11,7,3,53,14,6,1
5125,28,2,57,0,0,8,0
5128,5,19,2,69,18,19,1
5129,48,0,4,2,2,58,2
5130,27,2,52,1,2,19,0
5131,39,1,1,7,2,61,2
5132,14,23,5,69,10,11,1
5133,10,9,3,82,14,9,1
5134,81,0,5,10,2,79,2
5135,5,8,2,80,11,18,1
5137,5,10,1,48,26,1,1
5142,84,2,4,3,2,91,2
5143,14,21,2,27,10,18,1
5144,18,9,0,46,21,12,1
5145,41,1,4,0,2,56,2
5146,2,20,1,42,23,1,1
5148,16,1,105,6,2,5,0
5151,85,0,6,9,1,51,2
5152,54,2,4,3,2,100,2
5153,3,16,4,50,14,15,1
5154,22,3,75,2,2,12,0
5155,9,14,5,36,9,13,1
5156,11,13,4,51,13,0,1
5157,11,12,3,57,10,19,1
5159,16,10,4,52,24,18,1
5160,8,12,0,18,18,10,1
5161,0,18,4,35,18,15,1
5162,0,16,5,23,9,2,1
5163,12,17,1,24,12,7,1
5164,33,3,58,3,2,9,0
5167,11,24,0,25,18,2,1
5168,50,1,2,3,0,68,2
5173,82,1,5,10,0,62,2
5174,10,2,38,6,0,0,0
5175,83,1,0,1,0,88,2
5176,84,0,2,10,0,101,2
5177,9,21,4,43,19,4,1
5178,14,12,1,75,22,3,1
5179,5,24,1,48,7,3,1
5180,35,0,0,4,1,72,2
5181,19,23,4,38,14,17,1
5183,26,1,6,0,2,75,2
5185,80,2,4,7,1,91,2
5186,9,7,3,27,17,6,1
5188,11,7,2,69,24,0,1
5190,15,7,3,37,22,7,1
5191,7,14,5,73,16,10,1
5192,11,12,2,45,11,4,1
5193,4,7,1,22,21,14,1
5194,25,0,1,8,0,76,2
5195,80,2,5,0,0,92,2
5196,8,17,1,67,7,19,1
5198,1,11,4,68,24,7,1
5199,9,4,90,5,2,19,0
5200,12,24,2,50,25,19,1
5204,3,0,80,2,0,16,0
5205,15,15,5,33,24,3,1
5209,25,1,1,10,1,76,2
5210,9,4,44,5,0,18,0
5212,10,17,1,19,7,6,1
5213,68,1,4,1,2,78,2
5214,82,1,2,8,1,92,2
5216,9,12,3,21,15,14,1
5217,10,13,3,28,26,4,1
5222,5,15,4,84,21,11,1
5223,14,18,3,86,18,18,1
5224,51,1,7,5,2,88,2
5225,19,8,3,27,13,1,1
5227,41,1,1,5,2,100,2
5228,2,8,0,31,23,5,1
5229,3,9,5,24,22,4,1
5230,1,10,2,35,19,4,1
5231,1,0,102,5,0,21,0
5232,13,9,0,72,15,3,1
5234,12,1,99,5,1,16,0
5237,2,15,2,64,22,2,1
5238,34,0,2,1,1,51,2
5239,15,15,5,67,14,15,1
5240,4,3,89,7,1,3,0
5241,24,0,2,0,0,58,2
5247,30,2,3,2,1,65,2
5248,27,1,82,4,2,0,0
5249,14,2,115,5,0,21,0
5251,2,23,5,56,7,2,1
5252,9,10,2,31,14,11,1
5253,1,11,2,54,8,17,1
5254,82,1,6,2,1,95,2
5261,83,2,0,4,0,75,2
5263,16,14,1,72,20,16,1
5266,32,1,3,0,0,73,2
5267,67,0,4,4,0,92,2
5269,0,21,1,34,8,2,1
5270,7,16,1,60,16,0,1
5272,12,13,3,66,19,12,1
5273,50,2,2,7,1,84,2
5274,26,1,61,2,0,7,0
5275,9,23,3,85,8,12,1
5277,20,1,76,0,1,0,0
5278,85,0,4,9,1,68,2
5279,2,14,1,35,20,11,1
5283,27,4,82,2,0,19,0
5284,19,18,0,78,25,1,1
5285,2,19,0,75,17,8,1
5286,16,14,0,35,18,0,1
5287,76,1,1,7,1,92,2
5291,19,12,4,83,25,11,1
5292,4,19,0,38,24,2,1
5293,12,8,0,43,21,16,1
5294,36,0,0,4,2,52,2
5295,12,1,71,4,0,6,0
5296,15,3,94,4,0,0,0
5297,3,18,2,71,11,0,1
5298,32,2,71,1,2,12,0
5299,54,0,4,10,1,81,2
5301,36,4,83,7,1,17,0
5302,9,7,3,47,14,1,1
5303,55,2,2,8,0,85,2
5304,79,2,0,3,1,102,2
5305,5,15,0,66,14,2,1
5308,15,23,3,27,16,1,1
5309,17,9,5,58,8,9,1
5310,5,24,5,61,10,13,1
5312,34,0,0,10,2,61,2
5313,11,0,68,7,2,1,0
5315,18,24,0,64,10,19,1
5316,12,12,1,40,19,2,1
5317,81,0,7,6,2,92,2
5320,70,1,2,10,2,53,2
5323,12,8,3,66,12,1,1
5326,29,0,4,1,0,95,2
5329,18,15,4,82,9,4,1
5332,3,18,2,69,24,16,1
5333,11,17,4,72,17,8,1
5335,32,2,4,2,1,80,2
5336,11,19,1,52,13,13,1
5344,7,12,4,61,21,6,1
5346,16,19,5,27,14,4,1
5349,64,1,6,8,1,81,2
5351,10,10,5,53,15,8,1
5352,8,17,4,63,23,13,1
5354,15,17,1,46,15,6,1
5355,36,4,47,0,2,14,0
5356,11,9,1,30,16,13,1
5357,10,21,0,42,18,18,1
5358,3,11,4,24,10,1,1
5361,79,0,2,4,1,59,2
5362,5,23,5,85,8,8,1
5363,23,4,52,7,1,13,0
5364,83,1,5,4,1,84,2
5368,28,1,76,0,2,9,0
5369,2,23,5,26,11,7,1
5370,85,0,0,8,1,85,2
5372,50,1,1,7,1,71,2
5374,16,0,67,4,1,5,0
5375,74,1,7,8,0,75,2
5376,45,0,5,5,0,66,2
5377,6,17,4,49,23,1,1
5378,69,1,0,9,1,80,2
5379,55,1,6,11,2,73,2
5380,5,23,4,58,15,15,1
5381,86,1,5,0,1,65,2
5382,34,3,103,7,1,0,0
5385,13,16,5,37,11,12,1
5386,15,14,4,39,15,8,1
5387,65,0,6,11,2,75,2
5388,81,2,4,2,2,94,2
5389,18,4,99,1,0,18,0
5390,11,12,5,23,15,9,1
5391,22,2,38,3,2,5,0
5392,13,2,49,2,2,0,0
5394,14,14,5,72,14,17,1
5396,80,2,4,3,0,62,2
5398,1,7,4,51,10,6,1
5399,5,4,67,0,1,3,0
5400,25,1,42,1,0,2,0
5401,6,18,4,68,23,15,1
5402,11,0,85,6,1,5,0
5404,0,22,5,64,19,17,1
5405,18,24,1,80,12,14,1
5406,7,3,93,1,0,15,0
5407,3,22,2,38,15,15,1
5409,11,21,3,66,26,3,1
5412,4,10,1,63,18,5,1
5413,19,0,60,1,2,4,0
5414,16,18,4,56,11,6,1
5419,53,2,3,1,2,87,2
5422,86,2,1,6,1,59,2
5423,10,7,2,35,11,0,1
5425,9,16,3,65,14,6,1
5428,16,10,2,46,9,16,1
5429,5,24,4,74,10,0,1
5431,35,1,64,5,1,11,0
5432,26,1,7,10,1,94,2
5433,14,0,79,3,0,14,0
5436,19,11,2,66,15,15,1
5437,1,1,92,0,0,0,0
5438,3,9,2,24,19,9,1
5440,68,0,1,9,1,55,2
5441,17,10,1,40,16,6,1
5442,24,0,111,6,1,20,0
5443,28,2,2,4,0,93,2
5444,15,13,2,49,13,18,1
5446,66,1,5,8,2,94,2
5448,16,14,3,78,13,11,1
5449,13,18,2,73,8,3,1
5450,8,23,1,36,21,2,1
5452,34,4,122,4,0,8,0
5454,41,0,1,9,0,86,2
5455,62,2,0,11,1,93,2
5456,8,0,115,0,1,2,0
5457,11,16,2,15,19,13,1
5458,15,23,3,81,24,2,1
5459,11,18,3,23,22,8,1
5460,28,4,105,0,1,18,0
5462,25,2,47,0,2,10,0
5463,48,0,5,8,2,65,2
5466,2,1,84,0,1,7,0
5467,31,0,4,10,2,77,2
5468,15,7,4,27,7,15,1
5470,3,1,118,7,0,21,0
5471,0,19,1,15,15,16,1
5472,14,24,0,33,14,12,1
5476,4,14,3,46,24,12,1
5477,12,20,3,18,20,16,1
5478,12,19,2,67,12,17,1
5479,10,16,2,39,21,4,1
5480,85,0,3,5,1,86,2
5481,12,10,1,23,7,2,1
5483,56,2,0,4,0,58,2
5485,3,19,1,42,7,10,1
5486,14,22,0,24,14,7,1
5487,43,1,7,4,2,69,2
5488,9,22,4,23,20,5,1
5489,44,1,3,11,0,102,2
5490,3,8,4,29,8,13,1
5491,3,9,0,22,13,16,1
5492,57,1,5,4,1,101,2
5493,13,10,5,81,15,12,1
5495,16,8,4,19,20,9,1
5498,3,13,0,28,26,19,1
5499,10,13,5,45,19,7,1
5500,80,2,7,8,2,77,2
5501,13,12,2,73,16,15,1
5503,16,24,1,20,10,15,1
5504,5,17,3,35,10,13,1
5506,13,1,85,1,0,5,0
5508,6,9,3,87,14,10,1
5509,4,17,5,83,22,6,1
5510,38,1,3,5,2,91,2
5512,1,18,5,72,17,12,1
5513,56,1,3,5,2,57,2
5514,67,1,1,8,0,100,2
5516,9,20,1,74,8,7,1
5519,5,18,2,37,15,6,1
5521,32,3,57,7,2,13,0
5522,7,20,5,56,11,6,1
5526,24,0,103,6,2,10,0
5528,26,2,43,0,0,1,0
5529,28,0,1,11,1,64,2
5534,9,14,1,45,14,4,1
5535,5,17,2,74,7,10,1
5536,31,3,83,0,1,13,0
5537,15,24,2,22,7,5,1
5538,3,9,5,44,19,14,1
5540,15,12,5,21,11,19,1
5541,15,14,3,86,7,5,1
5542,6,21,3,31,11,16,1
5544,51,1,2,7,0,96,2
5546,3,8,2,65,19,19,1
5548,53,2,6,4,2,73,2
5551,19,2,119,4,0,16,0
5552,55,2,1,6,2,53,2
5553,28,4,110,3,2,7,0
5554,36,0,0,5,1,101,2
5556,12,17,2,76,7,7,1
5557,55,2,3,10,0,58,2
5558,17,8,3,85,24,9,1
5560,56,0,3,10,1,50,2
5562,1,2,66,6,0,15,0
5563,73,0,7,10,0,73,2
5564,32,1,59,5,2,3,0
5566,32,1,94,6,1,17,0
5567,0,4,119,3,1,15,0
5568,79,1,4,3,1,53,2
5569,33,1,122,7,1,14,0
5572,34,1,4,8,2,78,2
5573,12,9,3,71,12,3,1
5574,68,1,2,6,0,71,2
5575,3,21,0,74,22,9,1
5576,7,20,0,74,10,19,1
5577,3,14,3,19,10,8,1
5581,4,21,2,67,17,16,1
5582,71,1,7,8,0,63,2
5583,0,8,1,61,12,9,1
5585,6,12,5,33,13,9,1
5588,4,2,93,4,0,4,0
5590,3,24,3,80,24,15,1
5591,16,13,4,53,13,7,1
5592,6,23,2,36,16,16,1
5593,9,24,5,16,9,9,1
5595,18,13,1,82,20,12,1
5597,22,4,107,4,1,19,0
5599,35,4,91,0,0,2,0
5600,35,2,1,2,2,64,2
5601,10,11,0,80,12,17,1
5602,74,2,1,2,1,102,2
5603,7,18,3,74,7,5,1
5605,11,19,1,64,15,13,1
5606,0,7,4,70,16,7,1
5608,3,12,0,42,26,8,1
5609,24,2,74,2,1,19,0
5610,0,19,0,41,16,15,1
5611,2,22,3,70,8,1,1
5612,4,21,3,86,8,16,1
5614,4,24,5,26,17,18,1
5615,2,21,3,61,26,10,1
5619,23,4,94,6,0,14,0
5621,24,0,2,2,0,54,2
5622,7,24,1,21,22,10,1
5623,7,24,3,19,19,0,1
5624,30,2,4,3,0,84,2
5625,48,0,4,7,1,102,2
5627,67,0,3,11,0,95,2
5629,26,0,48,7,0,16,0
5634,13,2,91,5,0,18,0
5635,20,0,73,1,2,3,0
5636,12,2,55,5,2,0,0
5638,3,3,72,1,1,1,0
5639,6,11,1,83,18,7,1
5643,16,1,121,4,2,21,0
5644,66,0,6,9,0,98,2
5647,3,19,2,31,25,3,1
5648,3,22,5,53,26,11,1
5649,12,1,126,0,0,0,0
5655,3,24,3,55,17,10,1
5658,14,20,2,16,15,2,1
5659,25,2,4,8,2,96,2
5661,29,1,80,6,2,19,0
5662,18,17,1,62,14,5,1
5663,1,15,2,79,13,2,1
5665,70,0,0,2,2,77,2
5666,4,23,1,39,13,2,1
5667,82,1,7,5,1,56,2
5669,84,1,3,3,0,57,2
5670,9,12,4,44,15,11,1
5671,70,2,3,6,2,83,2
5672,43,2,5,8,0,64,2
5675,7,2,78,4,1,10,0
5677,24,1,62,3,1,19,0
5681,11,20,4,35,11,1,1
5682,23,3,69,7,2,20,0
5683,0,13,4,40,12,12,1
5684,13,1,109,2,1,8,0
5686,14,23,2,84,19,16,1
5687,25,2,62,7,2,0,0
5688,76,1,6,3,2,61,2
5689,12,2,47,0,0,12,0
5690,14,17,5,31,15,10,1
5691,23,0,5,1,0,58,2
5694,74,0,6,11,0,51,2
5695,17,19,1,44,19,2,1
5696,5,19,0,30,13,9,1
5698,27,2,4,5,0,95,2
5700,35,0,116,7,0,19,0
5702,11,8,0,86,24,1,1
5704,84,2,5,4,0,87,2
5705,7,13,1,49,12,2,1
5706,10,20,0,29,9,18,1
5707,5,1,69,0,0,5,0
5708,53,2,2,4,0,70,2
5710,10,7,5,20,23,3,1
5712,12,11,1,52,11,11,1
5713,17,18,4,15,12,16,1
5714,12,24,5,75,23,6,1
5715,15,21,2,23,18,3,1
5719,17,12,3,31,16,3,1
5720,5,4,81,1,0,0,0
5721,19,13,2,27,26,11,1
5723,23,0,112,3,0,5,0
5724,15,7,4,48,20,0,1
5725,25,1,38,1,0,13,0
5726,17,23,2,57,20,9,1
5727,33,0,121,6,1,1,0
5729,7,10,1,30,13,4,1
5730,60,1,3,7,2,74,2
5732,60,1,5,5,0,67,2
5733,83,0,2,7,1,74,2
5735,3,22,3,45,11,17,1
5736,18,7,4,81,20,18,1
5737,15,3,118,7,1,8,0
5738,6,1,38,6,0,10,0
5740,19,22,3,83,14,12,1
5741,10,1,44,1,2,2,0
5742,1,22,2,83,11,11,1
5743,23,4,69,3,0,11,0
5748,7,3,84,7,2,9,0
5749,17,19,3,17,26,13,1
5750,58,0,5,4,0,86,2
5751,5,12,1,52,25,12,1
5752,13,16,0,34,26,19,1
5753,14,4,64,1,2,9,0
5754,5,2,103,6,0,15,0
5756,19,19,1,56,9,8,1
5763,34,4,117,1,2,7,0
5764,55,2,5,0,2,70,2
5765,68,1,2,11,1,86,2
5767,0,11,3,43,20,11,1
5768,19,21,3,80,9,12,1
5769,22,1,75,3,1,2,0
5770,23,2,0,11,1,71,2
5771,80,1,5,8,1,92,2
5772,33,4,78,2,1,18,0
5773,0,17,5,55,12,4,1
5776,3,10,4,32,19,6,1
5777,62,0,2,4,1,85,2
5778,40,0,2,2,0,80,2
5779,8,15,1,35,22,8,1
5780,37,1,6,1,1,98,2
5783,58,2,6,4,1,66,2
5786,69,2,3,11,1,73,2
5787,3,15,2,17,11,8,1
5789,13,23,1,19,14,16,1
5790,19,24,0,45,9,4,1
5791,10,9,3,72,16,13,1
5792,1,20,3,20,22,6,1
5793,19,1,92,7,2,2,0
5794,28,0,7,8,0,55,2
5796,57,1,6,11,1,67,2
5798,0,2,59,6,1,9,0
5800,7,24,0,68,22,1,1
5801,18,15,4,58,11,15,1
5802,6,1,117,6,2,11,0
5803,19,8,1,20,22,3,1
5804,11,2,46,7,2,2,0
5806,18,10,3,64,22,14,1
5808,3,21,0,87,16,15,1
5810,4,18,5,22,25,6,1
5812,1,3,53,5,1,9,0
5813,10,20,1,82,7,11,1
5814,61,0,6,6,0,89,2
5816,10,17,5,77,20,6,1
5817,3,4,95,6,2,20,0
5818,0,19,5,52,8,7,1
5819,84,0,7,11,1,59,2
5820,6,2,58,0,0,12,0
5821,75,2,0,8,2,74,2
5823,3,9,2,59,17,19,1
5826,80,0,5,2,2,75,2
5827,15,24,2,84,25,5,1
5828,3,18,1,74,12,9,1
5830,7,3,43,3,1,18,0
5831,70,0,4,5,0,71,2
5832,3,2,74,4,1,5,0
5833,36,1,41,5,1,1,0
5834,15,11,1,37,25,11,1
5836,24,3,85,1,2,8,0
5838,33,0,86,0,2,17,0
5839,17,20,0,26,23,9,1
5842,76,1,0,11,1,80,2
5843,4,21,2,88,11,2,1
5846,25,1,44,6,1,13,0
5848,58,0,6,11,0,101,2
5849,55,0,0,0,0,63,2
5850,12,0,100,0,0,21,0
5851,1,14,2,49,24,3,1
5855,2,11,1,57,14,4,1
5860,60,1,7,10,1,52,2
5861,50,0,0,2,0,55,2
5863,14,22,3,31,18,6,1
5864,34,2,7,10,2,75,2
5865,15,0,104,0,0,19,0
5866,75,2,0,11,2,93,2
5869,22,2,108,6,0,5,0
5871,6,16,2,31,15,0,1
5872,12,23,3,85,8,11,1
5873,32,2,46,5,2,11,0
5875,24,2,38,4,0,19,0
5876,33,0,90,6,0,17,0
5877,7,4,123,3,0,5,0
5878,18,23,4,27,16,14,1
5881,76,2,4,10,1,94,2
5882,4,21,3,85,25,8,1
5883,13,13,5,36,18,0,1
5884,5,15,5,82,18,1,1
5887,52,1,5,8,2,57,2
5889,6,4,111,3,1,1,0
5890,54,0,6,8,1,60,2
5891,10,3,104,4,2,6,0
5893,25,0,53,6,1,2,0
5895,25,2,7,6,2,77,2
5897,14,20,3,76,10,10,1
5898,14,4,86,2,0,4,0
5899,17,2,68,0,1,20,0
5900,6,3,87,0,0,17,0
5901,19,20,0,87,9,10,1
5903,6,0,45,4,1,4,0
5904,54,1,3,3,1,67,2
5907,50,0,3,11,0,90,2
5909,3,2,74,4,1,18,0
5910,37,2,7,10,0,50,2
5911,14,15,5,73,18,10,1
5912,27,2,7,3,0,100,2
5913,3,14,5,28,25,7,1
5914,21,3,97,3,0,7,0
5916,28,1,5,9,0,102,2
5918,6,13,1,44,15,0,1
5920,11,20,2,44,26,18,1
5922,49,0,6,7,0,68,2
5924,16,18,1,16,9,9,1
5926,2,17,5,20,17,12,1
5927,21,2,96,3,1,21,0
5928,15,0,66,0,1,2,0
5929,5,11,0,86,21,12,1
5930,12,14,5,23,16,3,1
5931,0,21,2,60,26,17,1
5936,44,2,0,3,1,61,2
5937,1,14,5,35,7,15,1
5938,17,23,2,37,12,6,1
5939,30,4,100,0,1,18,0
5940,4,7,2,80,26,1,1
5941,10,20,3,88,25,11,1
5942,80,2,7,2,2,69,2
5944,58,0,6,1,0,94,2
5946,59,1,3,11,1,83,2
5947,54,1,6,4,0,65,2
5948,2,15,4,73,18,0,1
5949,16,13,4,56,12,9,1
5950,13,24,1,87,10,14,1
5951,18,24,1,29,14,19,1
5952,27,0,5,7,0,94,2
5953,6,12,1,29,25,12,1
5954,19,1,48,5,0,10,0
5955,1,23,1,87,15,4,1
5956,4,12,1,25,10,18,1
5957,15,18,3,48,26,9,1
5960,23,2,5,9,2,73,2
5961,29,1,126,6,1,14,0
5965,17,4,71,1,1,19,0
5968,7,18,0,55,26,19,1
5969,33,4,88,7,0,6,0
5970,8,18,4,29,20,15,1
5974,70,1,5,3,1,72,2
5977,45,2,1,4,0,75,2
5978,18,23,4,40,11,19,1
5979,10,10,0,25,15,1,1
5980,40,1,5,0,1,56,2
5981,0,8,1,88,20,18,1
5982,60,1,7,11,1,78,2
5984,18,19,1,57,23,9,1
5985,12,18,1,47,19,12,1
5988,16,14,2,52,19,5,1
5989,10,12,3,37,16,14,1
5994,72,2,7,2,2,69,2
5996,38,1,2,10,1,84,2
5998,6,3,103,1,1,9,0
5999,34,1,0,7,1,86,2
6000,7,15,4,36,15,5,1
6002,56,1,4,8,0,57,2
6003,0,19,4,51,14,18,1
6004,58,1,6,6,2,79,2
6005,16,21,5,79,9,10,1
6009,11,11,2,74,8,4,1
6014,17,4,77,0,1,6,0
6016,10,19,4,16,17,9,1
6018,6,17,0,29,13,19,1
6019,80,1,2,10,1,63,2
6020,10,2,56,0,1,14,0
6021,14,3,101,0,2,7,0
6023,14,21,2,69,16,19,1
6025,19,11,4,65,10,9,1
6026,28,0,2,1,1,53,2
6028,6,15,1,16,26,19,1
6029,18,14,2,51,18,17,1
6032,12,13,3,22,20,1,1
6033,29,0,94,4,1,0,0
6034,2,12,0,55,23,4,1
6035,66,0,5,11,1,81,2
6036,64,1,3,3,0,52,2
6037,23,2,107,2,0,17,0
6040,7,3,114,7,0,8,0
6041,18,0,62,0,0,0,0
6042,3,23,3,45,9,15,1
6044,30,1,103,0,0,1,0
6045,26,0,97,5,2,1,0
6046,55,2,5,2,2,73,2
6047,6,4,106,4,1,11,0
6049,26,4,121,6,2,15,0
6051,6,4,102,7,1,21,0
6053,4,21,4,32,17,8,1
6054,4,0,92,5,2,2,0
6055,3,13,1,15,16,13,1
6056,11,18,5,24,12,11,1
6057,86,2,2,0,0,77,2
6060,20,1,105,7,0,19,0
6061,6,12,1,63,9,19,1
6063,63,2,3,1,2,97,2
6064,36,0,5,8,2,98,2
6067,8,8,2,47,7,2,1
6070,41,1,5,2,2,72,2
6071,62,2,2,0,1,53,2
6074,6,8,2,27,18,3,1
6075,3,9,1,44,7,6,1
6081,86,2,6,3,1,75,2
6082,10,0,80,0,0,11,0
6088,77,2,6,8,1,101,2
6089,10,24,2,21,22,1,1
6090,12,21,0,56,26,5,1
6091,11,11,5,61,14,9,1
6092,64,2,0,1,1,64,2
6093,39,1,2,2,2,93,2
6094,84,1,0,3,0,82,2
6099,44,1,6,8,0,61,2
6100,36,0,4,7,1,71,2
6102,12,13,2,54,21,0,1
6103,16,0,84,2,2,8,0
6104,85,2,0,8,0,60,2
6106,12,0,76,6,1,7,0
6107,12,4,64,2,0,9,0
6108,24,2,2,2,0,77,2
6109,9,3,65,5,0,13,0
6110,51,0,1,2,0,82,2
6111,10,15,5,42,19,19,1
6112,9,12,4,77,13,16,1
6117,17,20,0,59,20,11,1
6120,15,11,0,40,26,1,1
6122,48,1,4,1,0,61,2
6123,5,15,2,79,8,5,1
6124,6,9,3,43,18,5,1
6125,2,11,5,22,18,17,1
6126,52,0,4,0,0,76,2
6129,16,23,0,40,23,1,1
6130,45,0,2,1,1,89,2
6131,23,0,2,9,1,68,2
6132,14,4,113,6,2,3,0
6133,16,18,3,64,22,12,1
6134,39,0,3,10,0,64,2
6135,18,8,5,33,26,1,1
6136,13,8,2,46,12,16,1
6138,24,2,0,11,1,101,2
6139,10,21,3,85,19,5,1
6140,9,22,0,50,24,2,1
6143,85,2,2,7,0,59,2
6144,15,13,3,57,17,14,1
6145,28,3,71,6,2,9,0
6147,9,7,3,28,8,0,1
6148,33,0,116,2,0,8,0
6149,6,1,110,0,0,4,0
6151,86,2,0,1,1,91,2
6152,7,11,1,51,21,17,1
6155,19,3,65,1,2,12,0
6158,18,14,0,71,11,4,1
6159,11,8,5,44,14,5,1
6160,50,1,4,1,2,81,2
6166,14,8,4,66,17,1,1
6167,10,3,101,1,0,18,0
6168,38,1,1,2,1,59,2
6170,59,2,1,7,1,80,2
6172,19,24,3,49,16,4,1
6173,1,20,1,88,9,3,1
6175,3,21,4,28,21,16,1
6177,13,21,4,37,10,7,1
6179,2,16,5,27,15,16,1
6181,13,4,106,1,0,0,0
6182,12,18,0,65,21,7,1
6183,4,15,3,24,17,6,1
6185,77,2,3,9,2,69,2
6187,36,2,82,1,2,0,0
6188,47,0,4,11,1,67,2
6189,19,13,2,55,22,4,1
6191,35,4,44,4,1,12,0
6192,61,1,1,5,1,96,2
6196,36,4,67,5,2,4,0
6198,3,15,3,54,7,5,1
6199,83,1,3,1,0,94,2
6201,3,19,2,78,17,10,1
6203,10,23,3,36,13,1,1
6204,11,4,94,6,0,3,0
6205,32,4,120,1,2,14,0
6208,4,0,103,3,2,21,0
6209,65,0,3,8,0,96,2
6211,9,15,0,79,20,19,1
6216,8,4,38,7,1,4,0
6217,8,18,3,34,21,12,1
6219,51,0,4,9,1,89,2
6220,2,12,1,81,24,3,1
6221,6,15,3,35,13,12,1
6222,27,4,95,3,1,16,0
6224,84,0,5,0,0,101,2
6225,21,1,69,3,1,16,0
6226,18,20,2,87,23,14,1
6227,31,1,102,0,0,11,0
6229,64,2,3,0,0,50,2
6230,15,7,3,20,24,12,1
6232,12,11,2,19,14,16,1
6235,73,0,4,6,1,56,2
6236,6,4,51,4,2,4,0
6237,32,1,50,1,2,1,0
6239,27,0,2,5,0,81,2
6240,9,10,1,39,14,13,1
6243,19,21,4,61,13,4,1
6244,54,1,1,4,2,86,2
6245,13,3,39,2,2,21,0
6246,2,11,4,34,8,9,1
6247,54,2,6,4,0,59,2
6248,15,9,5,33,12,4,1
6249,7,12,5,40,23,13,1
6251,12,22,0,54,15,10,1
6252,15,19,4,59,8,10,1
6253,59,1,1,6,2,63,2
6254,44,2,0,9,1,75,2
6256,7,23,3,82,25,11,1
6262,14,2,120,6,2,21,0
6263,13,18,3,16,21,19,1
6264,31,1,88,5,1,1,0
6265,34,1,44,5,2,9,0
6267,80,0,1,7,1,95,2
6268,58,0,0,3,1,93,2
6269,17,20,1,55,19,15,1
6270,60,1,5,11,1,78,2
6271,1,16,2,19,21,19,1
6272,0,14,3,58,12,6,1
6273,18,1,79,2,1,5,0
6276,5,15,5,33,21,5,1
6277,42,0,6,3,0,97,2
6282,2,24,3,77,24,2,1
6283,10,8,0,51,11,8,1
6286,78,0,3,2,2,96,2
6287,7,19,1,52,23,1,1
6288,74,2,0,11,0,65,2
6290,71,0,4,2,2,65,2
6293,16,23,2,45,9,9,1
6294,14,15,4,77,25,9,1
6295,85,0,3,7,2,74,2
6296,17,3,49,1,0,2,0
6297,8,13,2,33,8,16,1
6299,17,4,97,1,1,5,0
6300,30,2,1,1,1,63,2
6301,65,2,0,10,2,96,2
6305,0,7,0,80,10,3,1
6306,9,7,1,87,9,9,1
6307,77,0,0,9,0,91,2
6308,2,13,5,45,7,6,1
6309,9,12,3,83,8,3,1
6310,38,2,2,0,1,60,2
6312,8,20,5,82,7,4,1
6314,17,21,2,58,25,12,1
6318,69,0,2,4,0,90,2
6320,5,11,1,30,22,10,1
6321,7,12,3,77,9,17,1
6322,5,1,80,1,1,16,0
6324,6,13,5,23,17,13,1
6327,14,7,2,44,19,4,1
6328,7,17,2,73,24,9,1
6330,3,23,4,50,18,18,1
6335,11,19,4,38,10,8,1
6338,18,4,40,5,2,5,0
6339,2,4,37,2,0,21,0
6341,16,9,0,66,25,18,1
6342,13,15,3,32,25,0,1
6343,14,12,1,31,23,1,1
6345,59,2,3,2,0,69,2
6346,29,2,1,1,1,72,2
6348,52,2,6,2,2,66,2
6349,59,2,5,3,1,64,2
6350,3,9,3,15,22,6,1
6352,5,10,3,63,17,3,1
6354,1,4,96,2,1,6,0
6355,13,11,1,45,22,14,1
6356,0,4,85,1,2,3,0
6357,17,18,3,70,15,18,1
6359,7,7,1,49,24,6,1
6361,26,3,55,1,0,8,0
6363,18,7,5,51,22,9,1
6364,11,14,2,36,10,18,1
6367,2,15,5,58,17,2,1
6371,0,1,53,2,0,19,0
6373,67,0,5,5,1,82,2
6374,80,2,3,4,0,98,2
6375,82,2,0,11,2,98,2
6378,48,0,1,7,2,51,2
6379,47,0,3,3,1,78,2
6384,68,1,3,5,1,64,2
6387,0,12,0,56,21,19,1
6389,2,16,2,71,25,5,1
6390,48,0,6,4,2,82,2
6391,11,3,88,2,1,0,0
6393,57,0,7,9,2,66,2
6395,15,16,1,47,20,6,1
6397,46,0,0,3,1,101,2
6398,8,2,116,5,0,5,0
6402,12,16,0,37,13,11,1
6404,31,0,2,2,2,96,2
6406,75,2,4,11,2,75,2
6407,8,17,4,78,21,19,1
6411,70,0,1,11,0,95,2
6412,19,3,94,6,0,10,0
6413,12,11,2,49,13,18,1
6414,33,1,109,1,0,13,0
6415,63,2,0,0,0,60,2
6416,14,10,2,74,20,5,1
6417,5,8,3,65,15,13,1
6418,15,1,61,5,0,15,0
6422,19,13,2,71,15,1,1
6423,16,16,5,73,15,18,1
6424,31,4,71,1,2,0,0
6425,37,0,4,3,2,69,2
6426,21,3,86,2,0,0,0
6427,16,4,80,3,0,17,0
6429,19,22,5,33,21,9,1
6431,3,12,5,22,25,6,1
6432,25,1,4,8,0,77,2
6435,16,1,62,7,2,17,0
6436,4,20,1,55,11,10,1
6437,18,0,56,4,1,18,0
6438,18,7,3,63,11,19,1
6441,19,1,97,5,2,16,0
6447,41,0,1,8,0,59,2
6448,14,2,42,3,2,10,0
6449,9,12,0,47,21,13,1
6451,5,23,1,27,13,2,1
6452,36,1,62,0,0,0,0
6453,73,1,6,9,1,87,2
6454,26,0,63,1,1,10,0
6455,69,2,3,5,0,52,2
6456,19,19,3,33,18,18,1
6458,18,24,4,76,15,4,1
6463,77,0,4,6,2,79,2
6465,30,0,6,2,2,97,2
6466,10,20,4,26,13,16,1
6469,75,0,6,7,1,88,2
6470,2,22,4,75,20,5,1
6471,13,8,4,62,25,7,1
6472,32,2,3,0,0,93,2
6474,14,13,3,67,18,12,1
6475,5,24,1,15,8,10,1
6476,10,4,123,0,0,6,0
6477,59,2,4,8,1,52,2
6479,5,2,52,0,2,16,0
6480,34,0,39,1,1,6,0
6482,19,4,89,2,2,7,0
6484,45,2,3,11,1,51,2
6486,11,20,1,55,14,0,1
6487,39,0,3,2,0,74,2
6488,26,0,7,4,1,62,2
6489,13,14,1,83,22,13,1
6491,17,13,2,22,21,7,1
6492,34,1,2,1,2,53,2
6495,12,17,0,15,11,11,1
6496,10,10,2,25,21,15,1
